date,close,open,high,low,pct_change,volume
2020-01-02,5.97,5.92,6.03,5.91,1.5306,2349493.97
2020-01-03,5.99,5.97,6.02,5.96,0.335,1522130.47
2020-01-06,5.97,5.96,6.05,5.95,-0.3339,2265097.05
2020-01-07,6.01,5.98,6.04,5.98,0.67,1168043.53
2020-01-08,5.91,5.96,5.97,5.9,-1.6639,1585590.9
2020-01-09,5.91,5.95,5.96,5.88,0.0,1377134.29
2020-01-10,5.91,5.91,5.93,5.86,0.0,978377.73
2020-01-13,5.93,5.9,5.93,5.87,0.3384,1089910.03
2020-01-14,5.94,5.92,5.96,5.91,0.1686,1367700.59
2020-01-15,5.88,5.93,5.94,5.87,-1.0101,1288907.56
2020-01-16,5.8,5.87,5.89,5.79,-1.3605,2690313.51
2020-01-17,5.82,5.81,5.84,5.8,0.3448,1039490.27
2020-01-20,5.84,5.81,5.86,5.8,0.3436,1033399.62
2020-01-21,5.77,5.82,5.83,5.76,-1.1986,1432236.69
2020-01-22,5.79,5.76,5.79,5.71,0.3466,1283707.88
2020-01-23,5.72,5.76,5.78,5.7,-1.209,2000376.55
2020-02-03,5.42,5.3,5.58,5.3,-5.2448,4680399.02
2020-02-04,5.5,5.39,5.53,5.36,1.476,4013852.61
2020-02-05,5.49,5.49,5.52,5.42,-0.1818,2508538.05
2020-02-06,5.5,5.5,5.53,5.44,0.1821,2809954.29
2020-02-07,5.44,5.47,5.47,5.4,-1.0909,2373189.96
2020-02-10,5.42,5.41,5.43,5.38,-0.3676,1902386.33
2020-02-11,5.46,5.43,5.47,5.41,0.738,1984984.5
2020-02-12,5.46,5.46,5.47,5.42,0.0,2039144.33
2020-02-13,5.41,5.45,5.45,5.4,-0.9158,1995657.62
2020-02-14,5.43,5.4,5.44,5.39,0.3697,1415764.48
2020-02-17,5.49,5.42,5.49,5.41,1.105,2141949.06
2020-02-18,5.46,5.47,5.48,5.44,-0.5464,1845424.4
2020-02-19,5.48,5.45,5.5,5.45,0.3663,2040523.82
2020-02-20,5.51,5.48,5.52,5.44,0.5474,2836680.91
2020-02-21,5.49,5.49,5.52,5.47,-0.363,2237102.93
2020-02-24,5.44,5.48,5.49,5.43,-0.9107,1933291.9
2020-02-25,5.41,5.4,5.42,5.39,-0.5515,2301332.75
2020-02-26,5.41,5.38,5.44,5.36,0.0,2579688.13
2020-02-27,5.4,5.4,5.42,5.39,-0.1848,2225556.23
2020-02-28,5.3,5.37,5.38,5.28,-1.8519,4229371.46
2020-03-02,5.36,5.3,5.36,5.29,1.1321,2399023.17
2020-03-03,5.38,5.37,5.4,5.35,0.3731,2554031.93
2020-03-04,5.39,5.37,5.39,5.36,0.1859,1342815.89
2020-03-05,5.46,5.4,5.46,5.38,1.2987,3305397.55
2020-03-06,5.41,5.42,5.43,5.39,-0.9158,1959498.73
2020-03-09,5.31,5.34,5.35,5.3,-1.8484,2880620.25
2020-03-10,5.36,5.29,5.37,5.29,0.9416,2508207.67
2020-03-11,5.32,5.35,5.37,5.32,-0.7463,1694069.55
2020-03-12,5.29,5.3,5.32,5.27,-0.5639,2462964.88
2020-03-13,5.22,5.16,5.27,5.13,-1.3233,2997241.07
2020-03-16,5.17,5.22,5.29,5.14,-0.9579,3044663.05
2020-03-17,5.17,5.16,5.23,5.12,0.0,2577129.32
2020-03-18,5.11,5.18,5.2,5.11,-1.1605,2025068.11
2020-03-19,4.99,5.11,5.12,4.93,-2.3483,2898849.68
2020-03-20,5.08,5.02,5.11,5.0,1.8036,2125136.11
2020-03-23,4.99,5.0,5.03,4.98,-1.7717,1399893.11
2020-03-24,5.12,5.02,5.12,5.02,2.6052,2303316.06
2020-03-25,5.18,5.17,5.18,5.1,1.1719,2321786.19
2020-03-26,5.18,5.13,5.22,5.11,0.0,1556128.48
2020-03-27,5.21,5.21,5.25,5.18,0.5792,1727364.92
2020-03-30,5.22,5.18,5.24,5.15,0.1919,1953884.77
2020-03-31,5.15,5.22,5.24,5.12,-1.341,1761031.97
2020-04-01,5.16,5.15,5.19,5.13,0.1942,1018584.47
2020-04-02,5.19,5.14,5.19,5.11,0.5814,1228856.37
2020-04-03,5.14,5.16,5.18,5.12,-0.9634,1096046.24
2020-04-07,5.16,5.18,5.19,5.13,0.3891,1703016.28
2020-04-08,5.14,5.14,5.15,5.12,-0.3876,1034743.15
2020-04-09,5.13,5.14,5.15,5.12,-0.1946,735820.92
2020-04-10,5.11,5.13,5.14,5.1,-0.3899,978068.9
2020-04-13,5.1,5.1,5.13,5.09,-0.1957,855087.09
2020-04-14,5.12,5.11,5.13,5.1,0.3922,883217.71
2020-04-15,5.13,5.11,5.13,5.1,0.1953,946035.41
2020-04-16,5.12,5.11,5.13,5.1,-0.1949,700631.72
2020-04-17,5.15,5.13,5.17,5.11,0.5859,1382448.72
2020-04-20,5.12,5.14,5.15,5.12,-0.5825,1038087.22
2020-04-21,5.08,5.11,5.12,5.07,-0.7813,1176048.88
2020-04-22,5.09,5.07,5.1,5.05,0.1969,876583.56
2020-04-23,5.07,5.09,5.09,5.05,-0.3929,1033422.43
2020-04-24,5.05,5.06,5.07,5.04,-0.3945,687952.21
2020-04-27,5.09,5.05,5.11,5.05,0.7921,1172996.82
2020-04-28,5.11,5.09,5.12,5.04,0.3929,1505136.12
2020-04-29,5.15,5.1,5.15,5.08,0.7828,1210796.35
2020-04-30,5.17,5.15,5.18,5.14,0.3883,1040639.1
2020-05-06,5.11,5.12,5.12,5.08,-1.1605,1620612.17
2020-05-07,5.1,5.1,5.11,5.09,-0.1957,788981.87
2020-05-08,5.1,5.1,5.12,5.09,0.0,1148277.97
2020-05-11,5.14,5.11,5.14,5.1,0.7843,1130518.85
2020-05-12,5.13,5.13,5.15,5.11,-0.1946,1016320.81
2020-05-13,5.13,5.12,5.13,5.11,0.0,556280.21
2020-05-14,5.1,5.12,5.13,5.09,-0.5848,811525.0
2020-05-15,5.09,5.1,5.12,5.08,-0.1961,959061.3
2020-05-18,5.1,5.09,5.1,5.07,0.1965,936178.81
2020-05-19,5.12,5.12,5.13,5.1,0.3922,1361800.96
2020-05-20,5.12,5.11,5.12,5.1,0.0,867648.68
2020-05-21,5.1,5.12,5.13,5.1,-0.3906,810031.05
2020-05-22,5.05,5.1,5.11,5.05,-0.9804,1433770.84
2020-05-25,5.09,5.06,5.1,5.04,0.7921,1055064.93
2020-05-26,5.08,5.1,5.11,5.08,-0.1965,925221.25
2020-05-27,5.12,5.08,5.13,5.08,0.7874,1195940.05
2020-05-28,5.17,5.12,5.18,5.12,0.9766,1457287.39
2020-05-29,5.12,5.14,5.15,5.1,-0.9671,1257614.11
2020-06-01,5.16,5.13,5.16,5.12,0.7813,1050078.87
2020-06-02,5.19,5.15,5.19,5.13,0.5814,1528291.99
2020-06-03,5.19,5.2,5.24,5.18,0.0,1345467.79
2020-06-04,5.18,5.2,5.21,5.17,-0.1927,763941.15
2020-06-05,5.21,5.19,5.22,5.16,0.5792,1098657.57
2020-06-08,5.24,5.22,5.26,5.2,0.5758,1709294.14
2020-06-09,5.26,5.24,5.28,5.23,0.3817,1186765.21
2020-06-10,5.27,5.27,5.28,5.25,0.1901,1301161.67
2020-06-11,5.27,5.27,5.3,5.24,0.0,2019545.47
2020-06-12,5.22,5.23,5.32,5.2,-0.9488,3797260.25
2020-06-15,5.24,5.24,5.31,5.23,0.3831,2160776.01
2020-06-16,5.3,5.27,5.31,5.26,1.145,1230379.83
2020-06-17,5.26,5.28,5.3,5.25,-0.7547,879844.68
2020-06-18,5.19,5.2,5.22,5.16,-1.3308,2109655.06
2020-06-19,5.2,5.18,5.21,5.15,0.1927,1986050.88
2020-06-22,5.16,5.2,5.22,5.16,-0.7692,1569839.57
2020-06-23,5.14,5.16,5.16,5.12,-0.3876,1798935.42
2020-06-24,5.22,5.15,5.24,5.14,1.5564,1941727.76
2020-06-29,5.25,5.28,5.31,5.2,0.5747,3000963.04
2020-06-30,4.98,5.0,5.03,4.96,-0.2004,2135599.08
2020-07-01,4.99,4.98,4.99,4.92,0.2008,1953424.3
2020-07-02,5.06,4.98,5.07,4.96,1.4028,3336395.08
2020-07-03,5.16,5.06,5.18,5.06,1.9763,3494607.78
2020-07-06,5.6,5.2,5.61,5.19,8.5271,7463596.38
2020-07-07,5.56,5.67,5.85,5.56,-0.7143,6224564.8
2020-07-08,5.47,5.52,5.59,5.38,-1.6187,6130510.56
2020-07-09,5.38,5.43,5.45,5.35,-1.6453,5693420.48
2020-07-10,5.22,5.36,5.37,5.2,-2.974,6260793.27
2020-07-13,5.21,5.2,5.25,5.16,-0.1916,6089284.1
2020-07-14,5.14,5.19,5.2,5.13,-1.3436,4639220.5
2020-07-15,5.08,5.16,5.18,5.07,-1.1673,4611494.14
2020-07-16,5.06,5.08,5.13,5.05,-0.3937,4922858.09
2020-07-17,5.06,5.06,5.08,5.03,0.0,2975297.98
2020-07-20,5.13,5.07,5.14,5.05,1.3834,3865923.63
2020-07-21,5.1,5.13,5.14,5.09,-0.5848,2262537.59
2020-07-22,5.09,5.1,5.14,5.07,-0.1961,2926611.07
2020-07-23,5.03,5.07,5.08,5.02,-1.1788,3751365.63
2020-07-24,4.98,5.03,5.03,4.96,-0.994,3637610.06
2020-07-27,4.97,4.98,5.0,4.95,-0.2008,2176344.9
2020-07-28,4.98,4.99,5.0,4.96,0.2012,1748445.91
2020-07-29,5.02,4.97,5.02,4.93,0.8032,2758566.64
2020-07-30,4.98,5.02,5.02,4.98,-0.7968,1537828.61
2020-07-31,4.96,4.98,5.01,4.95,-0.4016,2549672.87
2020-08-03,4.98,4.98,5.0,4.96,0.4032,2446867.81
2020-08-04,5.05,4.99,5.07,4.97,1.4056,4012204.69
2020-08-05,5.0,5.02,5.03,4.99,-0.9901,2052320.06
2020-08-06,5.02,5.01,5.03,4.98,0.4,2099270.52
2020-08-07,4.98,5.01,5.01,4.97,-0.7968,1921432.81
2020-08-10,4.99,4.97,5.0,4.96,0.2008,2009869.17
2020-08-11,4.98,4.98,5.02,4.97,-0.2004,2767245.52
2020-08-12,4.99,4.97,4.99,4.96,0.2008,2256124.04
2020-08-13,4.98,4.98,5.0,4.97,-0.2004,1163829.32
2020-08-14,5.02,4.98,5.02,4.97,0.8032,2085844.53
2020-08-17,5.09,5.02,5.11,5.02,1.3944,5486933.26
2020-08-18,5.05,5.09,5.09,5.04,-0.7859,2371955.04
2020-08-19,5.03,5.06,5.07,5.03,-0.396,1630051.4
2020-08-20,5.0,5.02,5.03,4.99,-0.5964,1642453.23
2020-08-21,5.01,5.01,5.02,4.99,0.2,1301844.83
2020-08-24,4.99,5.01,5.02,4.99,-0.3992,1200786.07
2020-08-25,5.0,5.0,5.01,4.98,0.2004,1548987.45
2020-08-26,4.98,5.0,5.0,4.97,-0.4,1514622.46
2020-08-27,4.97,4.98,4.98,4.96,-0.2008,1416656.58
2020-08-28,5.0,4.97,5.01,4.96,0.6036,2103678.49
2020-08-31,4.96,4.99,5.01,4.96,-0.8,2631484.38
2020-09-01,4.96,4.96,4.97,4.94,0.0,1566483.75
2020-09-02,4.92,4.96,4.96,4.92,-0.8065,2729008.52
2020-09-03,4.91,4.92,4.94,4.89,-0.2033,1839671.79
2020-09-04,4.9,4.89,4.91,4.88,-0.2037,1409393.98
2020-09-07,4.9,4.89,4.92,4.88,0.0,1525627.38
2020-09-08,4.95,4.9,4.96,4.89,1.0204,1995480.82
2020-09-09,4.94,4.93,4.95,4.92,-0.202,1613340.69
2020-09-10,4.91,4.94,4.95,4.9,-0.6073,1444378.36
2020-09-11,4.93,4.9,4.95,4.9,0.4073,1494302.13
2020-09-14,4.93,4.93,4.94,4.91,0.0,1027571.21
2020-09-15,4.92,4.92,4.93,4.91,-0.2028,828081.03
2020-09-16,4.94,4.92,4.94,4.9,0.4065,1076156.27
2020-09-17,4.94,4.94,4.95,4.92,0.0,1208863.68
2020-09-18,4.98,4.95,4.98,4.93,0.8097,2607344.28
2020-09-21,4.96,4.97,4.99,4.94,-0.4016,1217665.22
2020-09-22,4.93,4.95,4.96,4.92,-0.6048,1097050.2
2020-09-23,4.92,4.93,4.94,4.91,-0.2028,1005836.16
2020-09-24,4.9,4.91,4.92,4.88,-0.4065,1265965.12
2020-09-25,4.89,4.9,4.91,4.88,-0.2041,1080017.5
2020-09-28,4.94,4.9,4.94,4.88,1.0225,1634647.01
2020-09-29,4.91,4.94,4.95,4.91,-0.6073,1156134.49
2020-09-30,4.92,4.92,4.95,4.91,0.2037,1512342.71
2020-10-09,4.91,4.94,4.94,4.91,-0.2033,1289984.22
2020-10-12,4.96,4.92,4.97,4.91,1.0183,2525438.47
2020-10-13,4.92,4.95,4.96,4.91,-0.8065,1674336.69
2020-10-14,4.92,4.92,4.93,4.91,0.0,1408489.26
2020-10-15,4.93,4.92,4.95,4.9,0.2033,2011509.32
2020-10-16,4.99,4.92,5.02,4.92,1.217,5009557.53
2020-10-19,5.02,4.99,5.08,4.98,0.6012,3458162.76
2020-10-20,4.98,5.01,5.01,4.95,-0.7968,2406896.29
2020-10-21,5.05,4.98,5.07,4.95,1.4056,3258761.82
2020-10-22,5.06,5.05,5.07,5.02,0.198,1910634.54
2020-10-23,5.06,5.05,5.08,5.03,0.0,2356155.63
2020-10-26,5.02,5.06,5.07,5.01,-0.7905,1797835.63
2020-10-27,5.03,5.01,5.04,5.0,0.1992,1597958.96
2020-10-28,5.0,5.02,5.03,4.98,-0.5964,1820638.73
2020-10-29,4.96,4.98,4.99,4.95,-0.8,1674461.5
2020-10-30,4.92,4.96,4.98,4.91,-0.8065,2107643.27
2020-11-02,4.94,4.92,4.95,4.91,0.4065,1572267.09
2020-11-03,4.95,4.95,4.98,4.94,0.2024,1353574.06
2020-11-04,4.95,4.97,4.98,4.93,0.0,1464984.96
2020-11-05,4.95,4.97,4.99,4.94,0.0,1637349.75
2020-11-06,4.96,4.95,4.98,4.93,0.202,1659587.43
2020-11-09,4.98,4.97,4.99,4.96,0.4032,2256021.24
2020-11-10,5.02,5.01,5.05,5.0,0.8032,2591683.87
2020-11-11,5.07,5.01,5.08,5.0,0.996,3096115.02
2020-11-12,5.01,5.06,5.06,5.01,-1.1834,1398752.2
2020-11-13,4.96,5.01,5.01,4.95,-0.998,1922654.08
2020-11-16,4.98,4.97,4.99,4.96,0.4032,1282415.96
2020-11-17,5.0,4.98,5.0,4.97,0.4016,1220332.8
2020-11-18,5.03,5.0,5.05,4.98,0.6,1935618.19
2020-11-19,5.04,5.02,5.05,5.02,0.1988,1545693.94
2020-11-20,5.03,5.05,5.06,5.01,-0.1984,1265720.54
2020-11-23,5.07,5.01,5.08,5.01,0.7952,2825800.46
2020-11-24,5.05,5.07,5.09,5.05,-0.3945,1893180.43
2020-11-25,5.04,5.08,5.11,5.04,-0.198,2002929.65
2020-11-26,5.09,5.04,5.1,5.03,0.9921,1973922.78
2020-11-27,5.39,5.11,5.39,5.11,5.8939,9297495.13
2020-11-30,5.32,5.46,5.64,5.31,-1.2987,12456636.54
2020-12-01,5.47,5.31,5.5,5.28,2.8195,5303736.31
2020-12-02,5.45,5.44,5.53,5.35,-0.3656,3518096.33
2020-12-03,5.38,5.45,5.48,5.34,-1.2844,2788019.3
2020-12-04,5.31,5.38,5.38,5.22,-1.3011,3302805.02
2020-12-07,5.19,5.29,5.33,5.17,-2.2599,2754023.06
2020-12-08,5.12,5.19,5.22,5.11,-1.3487,2661064.33
2020-12-09,5.1,5.14,5.16,5.09,-0.3906,2437226.31
2020-12-10,5.06,5.1,5.11,5.04,-0.7843,2594726.52
2020-12-11,5.08,5.06,5.08,5.02,0.3953,2792732.63
2020-12-14,5.05,5.07,5.09,5.03,-0.5906,2721059.52
2020-12-15,5.01,5.05,5.05,4.98,-0.7921,3407518.2
2020-12-16,5.0,5.01,5.05,4.99,-0.1996,2660674.96
2020-12-17,5.03,5.0,5.04,4.96,0.6,3311278.67
2020-12-18,5.0,5.01,5.03,4.98,-0.5964,2197721.7
2020-12-21,5.0,5.01,5.02,4.98,0.0,2058288.22
2020-12-22,4.94,4.99,5.0,4.92,-1.2,3657493.94
2020-12-23,4.96,4.94,4.97,4.93,0.4049,2191463.83
2020-12-24,4.96,4.96,4.98,4.94,0.0,1222627.63
2020-12-25,4.97,4.96,4.97,4.95,0.2016,1532838.72
2020-12-28,4.97,4.96,4.97,4.93,0.0,2319268.12
2020-12-29,4.98,4.97,4.98,4.95,0.2012,2542023.19
2020-12-30,4.96,4.97,4.98,4.94,-0.4016,2540784.89
2020-12-31,4.99,4.95,5.01,4.95,0.6048,3100039.9
2021-01-04,5.01,4.97,5.01,4.95,0.4008,3539511.77
2021-01-05,4.97,4.99,4.99,4.94,-0.7984,3710103.7
2021-01-06,4.97,4.96,4.98,4.95,0.0,3463183.59
2021-01-07,5.0,4.97,5.0,4.95,0.6036,3190474.0
2021-01-08,5.0,5.0,5.03,4.98,0.0,3422029.83
2021-01-11,4.99,5.0,5.04,4.98,-0.2,4956515.0
2021-01-12,5.02,4.99,5.02,4.96,0.6012,3504956.97
2021-01-13,5.06,5.03,5.06,5.0,0.7968,4046442.02
2021-01-14,5.08,5.05,5.15,5.04,0.3953,3884095.48
2021-01-15,5.15,5.1,5.26,5.1,1.378,7006634.1
2021-01-18,5.14,5.13,5.18,5.08,-0.1942,3981897.84
2021-01-19,5.2,5.14,5.22,5.1,1.1673,4330690.19
2021-01-20,5.15,5.18,5.25,5.13,-0.9615,3145664.69
2021-01-21,5.13,5.16,5.17,5.1,-0.3883,2456775.13
2021-01-22,5.04,5.12,5.12,5.03,-1.7544,2774286.48
2021-01-25,5.05,5.03,5.05,4.99,0.1984,2190551.8
2021-01-26,5.03,5.03,5.07,5.01,-0.396,2103793.85
2021-01-27,5.07,5.04,5.15,5.03,0.7952,3709866.33
2021-01-28,5.03,5.05,5.07,5.01,-0.789,2850794.92
2021-01-29,5.09,5.03,5.12,5.02,1.1928,4111437.04
2021-02-01,5.14,5.08,5.15,5.05,0.9823,3813222.01
2021-02-02,5.09,5.14,5.18,5.08,-0.9728,2599985.88
2021-02-03,5.04,5.09,5.12,5.03,-0.9823,3375579.15
2021-02-04,5.07,5.04,5.12,5.03,0.5952,2524440.08
2021-02-05,5.18,5.07,5.21,5.06,2.1696,5937442.34
2021-02-08,5.16,5.18,5.2,5.12,-0.3861,3671269.32
2021-02-09,5.15,5.14,5.15,5.11,-0.1938,2782988.45
2021-02-10,5.25,5.24,5.37,5.21,1.9417,6647042.24
2021-02-18,5.24,5.33,5.33,5.22,-0.1905,3284009.33
2021-02-19,5.24,5.22,5.3,5.21,0.0,2424131.24
2021-02-22,5.37,5.25,5.41,5.24,2.4809,6020820.16
2021-02-23,5.38,5.35,5.45,5.32,0.1862,4671505.23
2021-02-24,5.3,5.37,5.42,5.24,-1.487,3850657.47
2021-02-25,5.44,5.29,5.48,5.28,2.6415,5097002.17
2021-02-26,5.37,5.39,5.49,5.35,-1.2868,4351701.21
2021-03-01,5.34,5.36,5.42,5.32,-0.5587,2406633.15
2021-03-02,5.29,5.35,5.35,5.24,-0.9363,2500312.65
2021-03-03,5.45,5.28,5.48,5.26,3.0246,4469111.21
2021-03-04,5.45,5.43,5.51,5.41,0.0,3734192.53
2021-03-05,5.57,5.43,5.59,5.37,2.2018,4787743.56
2021-03-08,5.53,5.58,5.61,5.51,-0.7181,4291683.05
2021-03-09,5.46,5.57,5.63,5.43,-1.2658,4663950.21
2021-03-10,5.4,5.44,5.46,5.35,-1.0989,3067843.16
2021-03-11,5.48,5.45,5.54,5.43,1.4815,2824228.15
2021-03-12,5.44,5.47,5.5,5.43,-0.7299,1848416.36
2021-03-15,5.55,5.45,5.58,5.42,2.0221,3037976.06
2021-03-16,5.6,5.56,5.63,5.54,0.9009,2730799.94
2021-03-17,5.53,5.58,5.6,5.48,-1.25,2037134.43
2021-03-18,5.48,5.52,5.54,5.46,-0.9042,2245441.99
2021-03-19,5.36,5.49,5.5,5.32,-2.1898,3325305.19
2021-03-22,5.42,5.32,5.45,5.32,1.1194,2325313.4
2021-03-23,5.4,5.4,5.5,5.35,-0.369,3259731.3
2021-03-24,5.41,5.37,5.43,5.33,0.1852,1899836.67
2021-03-25,5.36,5.41,5.46,5.35,-0.9242,2073948.17
2021-03-26,5.35,5.37,5.38,5.3,-0.1866,2471983.68
2021-03-29,5.46,5.37,5.47,5.33,2.0561,3479499.8
2021-03-30,5.48,5.46,5.48,5.43,0.3663,1932973.81
2021-03-31,5.54,5.47,5.55,5.44,1.0949,2424348.67
2021-04-01,5.5,5.51,5.54,5.47,-0.722,1324761.54
2021-04-02,5.42,5.5,5.51,5.4,-1.4545,1847807.4
2021-04-06,5.42,5.42,5.43,5.37,0.0,1228942.35
2021-04-07,5.45,5.42,5.46,5.4,0.5535,1756961.99
2021-04-08,5.44,5.46,5.47,5.41,-0.1835,1239713.65
2021-04-09,5.42,5.44,5.44,5.4,-0.3676,1311275.92
2021-04-12,5.48,5.42,5.5,5.39,1.107,2196348.06
2021-04-13,5.51,5.48,5.53,5.45,0.5474,1739371.09
2021-04-14,5.45,5.51,5.52,5.43,-1.0889,1533739.1
2021-04-15,5.45,5.43,5.45,5.39,0.0,1572157.97
2021-04-16,5.43,5.43,5.46,5.41,-0.367,1108743.02
2021-04-19,5.44,5.44,5.46,5.41,0.1842,1757543.3
2021-04-20,5.39,5.43,5.44,5.38,-0.9191,1770716.74
2021-04-21,5.37,5.38,5.41,5.37,-0.3711,1353647.63
2021-04-22,5.33,5.38,5.39,5.31,-0.7449,2114983.49
2021-04-23,5.29,5.31,5.34,5.27,-0.7505,1648980.57
2021-04-26,5.27,5.31,5.32,5.26,-0.3781,1706931.35
2021-04-27,5.24,5.26,5.27,5.22,-0.5693,1491237.7
2021-04-28,5.2,5.24,5.25,5.18,-0.7634,1829764.37
2021-04-29,5.22,5.2,5.24,5.18,0.3846,1889873.15
2021-04-30,5.13,5.21,5.22,5.08,-1.7241,3957487.28
2021-05-06,5.12,5.11,5.18,5.1,-0.1949,2160396.82
2021-05-07,5.22,5.12,5.23,5.11,1.9531,2819970.42
2021-05-10,5.25,5.21,5.25,5.18,0.5747,2074711.44
2021-05-11,5.23,5.24,5.25,5.21,-0.381,1392521.41
2021-05-12,5.26,5.22,5.28,5.21,0.5736,1500463.33
2021-05-13,5.24,5.25,5.28,5.21,-0.3802,1460695.72
2021-05-14,5.28,5.24,5.28,5.21,0.7634,1550005.39
2021-05-17,5.27,5.26,5.29,5.24,-0.1894,1708819.7
2021-05-18,5.26,5.27,5.27,5.23,-0.1898,1016399.97
2021-05-19,5.21,5.25,5.26,5.2,-0.9506,1481871.87
2021-05-20,5.23,5.2,5.23,5.18,0.3839,1282338.76
2021-05-21,5.17,5.21,5.22,5.16,-1.1472,1519668.14
2021-05-24,5.19,5.17,5.2,5.16,0.3868,1065409.01
2021-05-25,5.26,5.19,5.26,5.16,1.3487,2666746.19
2021-05-26,5.26,5.25,5.29,5.23,0.0,2056034.06
2021-05-27,5.26,5.26,5.28,5.23,0.0,1831175.91
2021-05-28,5.27,5.26,5.27,5.23,0.1901,1700005.19
2021-05-31,5.21,5.25,5.26,5.19,-1.1385,2919607.61
2021-06-01,5.18,5.21,5.21,5.17,-0.5758,2245141.02
2021-06-02,5.19,5.18,5.21,5.14,0.1931,2577451.54
2021-06-03,5.15,5.19,5.2,5.15,-0.7707,1937089.44
2021-06-04,5.17,5.16,5.2,5.15,0.3883,2397084.28
2021-06-07,5.17,5.18,5.18,5.16,0.0,1476962.07
2021-06-08,5.2,5.17,5.2,5.16,0.5803,1963000.35
2021-06-09,5.19,5.19,5.22,5.18,-0.1923,2061471.47
2021-06-10,5.2,5.19,5.22,5.18,0.1927,2052732.27
2021-06-11,5.19,5.2,5.2,5.17,-0.1923,1735732.58
2021-06-15,5.16,5.18,5.19,5.15,-0.578,1812073.62
2021-06-16,5.17,5.16,5.19,5.15,0.1938,1486551.27
2021-06-17,5.18,5.17,5.2,5.15,0.1934,1958783.37
2021-06-18,5.18,5.17,5.18,5.16,0.0,1532488.58
2021-06-21,5.15,5.17,5.18,5.15,-0.5792,1996642.7
2021-06-22,5.16,5.16,5.18,5.15,0.1942,1789340.78
2021-06-23,5.14,5.16,5.17,5.14,-0.3876,2522193.54
2021-06-24,5.2,5.14,5.2,5.14,1.1673,2465297.21
2021-06-25,5.23,5.19,5.25,5.18,0.5769,2460594.6
2021-06-28,5.18,5.23,5.23,5.16,-0.956,2576344.69
2021-06-29,5.17,5.18,5.2,5.16,-0.1931,2226935.06
2021-06-30,5.17,5.18,5.18,5.16,0.0,1549342.53
2021-07-01,5.26,5.17,5.26,5.16,1.7408,2770137.4
2021-07-02,5.25,5.21,5.27,5.19,-0.1901,3551892.84
2021-07-05,5.2,5.23,5.24,5.18,-0.9524,2761719.05
2021-07-06,4.95,4.96,4.96,4.93,0.4057,2657630.47
2021-07-07,4.94,4.95,4.96,4.92,-0.202,1776707.65
2021-07-08,4.89,4.94,4.95,4.88,-1.0121,2883648.12
2021-07-09,4.85,4.89,4.91,4.83,-0.818,2737420.38
2021-07-12,4.77,4.87,4.88,4.75,-1.6495,5056773.67
2021-07-13,4.75,4.77,4.78,4.74,-0.4193,2932780.41
2021-07-14,4.71,4.75,4.75,4.68,-0.8421,3020828.55
2021-07-15,4.75,4.71,4.77,4.69,0.8493,2775908.51
2021-07-16,4.74,4.75,4.75,4.71,-0.2105,1704073.98
2021-07-19,4.73,4.73,4.74,4.7,-0.211,1683757.95
2021-07-20,4.71,4.71,4.72,4.7,-0.4228,1025529.24
2021-07-21,4.69,4.72,4.73,4.69,-0.4246,1646258.57
2021-07-22,4.71,4.7,4.72,4.69,0.4264,1476369.65
2021-07-23,4.7,4.71,4.72,4.69,-0.2123,1390745.61
2021-07-26,4.67,4.69,4.7,4.65,-0.6383,2245916.33
2021-07-27,4.62,4.66,4.67,4.61,-1.0707,2088992.0
2021-07-28,4.67,4.61,4.68,4.6,1.0823,2479934.18
2021-07-29,4.62,4.67,4.67,4.61,-1.0707,1716806.34
2021-07-30,4.59,4.62,4.62,4.57,-0.6494,1847471.54
2021-08-02,4.6,4.58,4.61,4.53,0.2179,2143222.62
2021-08-03,4.58,4.59,4.59,4.55,-0.4348,1352457.87
2021-08-04,4.55,4.58,4.58,4.54,-0.655,1483019.02
2021-08-05,4.54,4.55,4.57,4.53,-0.2198,1097471.57
2021-08-06,4.53,4.55,4.55,4.51,-0.2203,1587328.42
2021-08-09,4.55,4.52,4.57,4.51,0.4415,1925600.63
2021-08-10,4.56,4.55,4.57,4.52,0.2198,1773891.03
2021-08-11,4.65,4.57,4.66,4.57,1.9737,3307272.49
2021-08-12,4.63,4.63,4.67,4.62,-0.4301,1182781.36
2021-08-13,4.61,4.63,4.64,4.6,-0.432,935428.19
2021-08-16,4.62,4.61,4.64,4.6,0.2169,1161093.33
2021-08-17,4.62,4.61,4.64,4.6,0.0,1951383.06
2021-08-18,4.67,4.61,4.68,4.6,1.0823,2598466.18
2021-08-19,4.64,4.66,4.67,4.62,-0.6424,1482787.26
2021-08-20,4.66,4.64,4.67,4.62,0.431,1903425.77
2021-08-23,4.63,4.64,4.67,4.63,-0.6438,1177076.75
2021-08-24,4.63,4.63,4.65,4.63,0.0,954530.98
2021-08-25,4.63,4.64,4.64,4.62,0.0,1003847.89
2021-08-26,4.62,4.62,4.63,4.6,-0.216,1176893.09
2021-08-27,4.64,4.61,4.64,4.6,0.4329,1161297.16
2021-08-30,4.58,4.63,4.64,4.56,-1.2931,2034266.05
2021-08-31,4.62,4.59,4.62,4.57,0.8734,1917114.5
2021-09-01,4.68,4.61,4.69,4.6,1.2987,2681033.61
2021-09-02,4.69,4.68,4.69,4.66,0.2137,1467903.56
2021-09-03,4.73,4.69,4.75,4.66,0.8529,2025437.2
2021-09-06,4.73,4.7,4.75,4.7,0.0,1605364.98
2021-09-07,4.75,4.73,4.77,4.7,0.4228,1948513.19
2021-09-08,4.77,4.74,4.78,4.73,0.4211,1747800.48
2021-09-09,4.75,4.76,4.77,4.72,-0.4193,1553117.48
2021-09-10,4.79,4.75,4.83,4.74,0.8421,2503592.69
2021-09-13,4.77,4.78,4.78,4.75,-0.4175,1688548.99
2021-09-14,4.71,4.76,4.78,4.7,-1.2579,1854203.45
2021-09-15,4.68,4.7,4.72,4.66,-0.6369,1751216.28
2021-09-16,4.68,4.68,4.71,4.67,0.0,1678220.42
2021-09-17,4.7,4.68,4.71,4.68,0.4274,1102571.7
2021-09-22,4.63,4.65,4.66,4.62,-1.4894,2176460.13
2021-09-23,4.66,4.65,4.68,4.63,0.6479,1325156.69
2021-09-24,4.64,4.64,4.67,4.63,-0.4292,1098914.31
2021-09-27,4.63,4.63,4.65,4.6,-0.2155,1644683.54
2021-09-28,4.66,4.62,4.68,4.61,0.6479,1633795.42
2021-09-29,4.68,4.65,4.7,4.62,0.4292,2438136.54
2021-09-30,4.66,4.68,4.68,4.63,-0.4274,1504131.52
2021-10-08,4.71,4.66,4.73,4.65,1.073,1859946.25
2021-10-11,4.74,4.72,4.77,4.71,0.6369,1818624.63
2021-10-12,4.75,4.74,4.76,4.71,0.211,1449305.9
2021-10-13,4.72,4.74,4.75,4.71,-0.6316,1123056.96
2021-10-14,4.71,4.72,4.73,4.71,-0.2119,719637.08
2021-10-15,4.75,4.72,4.75,4.71,0.8493,1255588.56
2021-10-18,4.73,4.75,4.77,4.71,-0.4211,1173696.21
2021-10-19,4.72,4.72,4.74,4.71,-0.2114,1058826.12
2021-10-20,4.7,4.73,4.73,4.68,-0.4237,1074596.35
2021-10-21,4.74,4.7,4.74,4.69,0.8511,1351316.27
2021-10-22,4.73,4.74,4.76,4.71,-0.211,931086.29
2021-10-25,4.72,4.71,4.73,4.69,-0.2114,1033423.97
2021-10-26,4.7,4.72,4.74,4.69,-0.4237,1187350.03
2021-10-27,4.7,4.7,4.71,4.65,0.0,1257712.16
2021-10-28,4.67,4.68,4.7,4.67,-0.6383,783008.44
2021-10-29,4.67,4.67,4.69,4.66,0.0,1149807.98
2021-11-01,4.73,4.68,4.73,4.67,1.2848,1876235.31
2021-11-02,4.65,4.73,4.73,4.64,-1.6913,2115693.0
2021-11-03,4.64,4.67,4.67,4.63,-0.2151,1460297.8
2021-11-04,4.65,4.64,4.65,4.63,0.2155,1001580.9
2021-11-05,4.66,4.64,4.67,4.63,0.2151,1113016.84
2021-11-08,4.63,4.65,4.66,4.63,-0.6438,1473507.23
2021-11-09,4.64,4.64,4.65,4.63,0.216,866896.19
2021-11-10,4.62,4.64,4.64,4.61,-0.431,1250475.3
2021-11-11,4.66,4.62,4.66,4.61,0.8658,1131059.25
2021-11-12,4.65,4.66,4.66,4.63,-0.2146,1016837.94
2021-11-15,4.67,4.65,4.68,4.64,0.4301,900470.27
2021-11-16,4.65,4.66,4.68,4.64,-0.4283,962814.73
2021-11-17,4.65,4.64,4.66,4.64,0.0,912332.73
2021-11-18,4.64,4.64,4.65,4.63,-0.2151,764673.98
2021-11-19,4.66,4.64,4.67,4.63,0.431,1005572.57
2021-11-22,4.63,4.65,4.66,4.63,-0.6438,1205829.21
2021-11-23,4.63,4.63,4.65,4.62,0.0,878259.91
2021-11-24,4.64,4.63,4.64,4.62,0.216,699612.34
2021-11-25,4.63,4.64,4.64,4.63,-0.2155,596923.52
2021-11-26,4.61,4.63,4.64,4.61,-0.432,978877.39
2021-11-29,4.58,4.6,4.61,4.56,-0.6508,1822575.81
2021-11-30,4.58,4.58,4.59,4.57,0.0,1076841.86
2021-12-01,4.6,4.58,4.6,4.57,0.4367,1113050.51
2021-12-02,4.61,4.6,4.62,4.58,0.2174,1784682.19
2021-12-03,4.61,4.6,4.61,4.58,0.0,1127866.48
2021-12-06,4.63,4.61,4.64,4.6,0.4338,1795706.77
2021-12-07,4.66,4.64,4.67,4.62,0.6479,2057104.91
2021-12-08,4.64,4.66,4.66,4.63,-0.4292,1377156.79
2021-12-09,4.66,4.65,4.68,4.63,0.431,1956554.82
2021-12-10,4.66,4.65,4.66,4.62,0.0,2154203.4
2021-12-13,4.63,4.64,4.66,4.63,-0.6438,1346737.15
2021-12-14,4.62,4.63,4.64,4.61,-0.216,1276969.43
2021-12-15,4.61,4.61,4.62,4.6,-0.2165,1041596.89
2021-12-16,4.62,4.61,4.63,4.59,0.2169,1457255.14
2021-12-17,4.61,4.61,4.62,4.6,-0.2165,1247899.48
2021-12-20,4.61,4.6,4.63,4.6,0.0,1486145.61
2021-12-21,4.65,4.61,4.66,4.6,0.8677,2029723.72
2021-12-22,4.64,4.65,4.66,4.63,-0.2151,1411400.4
2021-12-23,4.65,4.64,4.65,4.63,0.2155,980909.9
2021-12-24,4.65,4.65,4.67,4.64,0.0,1279087.97
2021-12-27,4.66,4.64,4.66,4.64,0.2151,905033.12
2021-12-28,4.68,4.66,4.68,4.65,0.4292,2005504.69
2021-12-29,4.66,4.66,4.67,4.64,-0.4274,976646.53
2021-12-30,4.64,4.65,4.66,4.63,-0.4292,1412750.58
2021-12-31,4.63,4.63,4.65,4.63,-0.2155,959022.15
2022-01-04,4.67,4.64,4.67,4.63,0.8639,1688756.35
2022-01-05,4.71,4.66,4.72,4.65,0.8565,2839546.21
2022-01-06,4.7,4.7,4.73,4.68,-0.2123,1903143.59
2022-01-07,4.74,4.69,4.75,4.68,0.8511,1939649.55
2022-01-10,4.75,4.74,4.76,4.72,0.211,1583293.03
2022-01-11,4.75,4.73,4.77,4.73,0.0,1670262.97
2022-01-12,4.72,4.75,4.75,4.7,-0.6316,1857315.19
2022-01-13,4.73,4.71,4.78,4.71,0.2119,1793135.0
2022-01-14,4.68,4.74,4.74,4.67,-1.0571,2251970.35
2022-01-17,4.65,4.67,4.7,4.64,-0.641,1787226.62
2022-01-18,4.69,4.65,4.7,4.63,0.8602,2169500.22
2022-01-19,4.7,4.67,4.71,4.66,0.2132,1729131.75
2022-01-20,4.75,4.7,4.76,4.69,1.0638,3131274.49
2022-01-21,4.7,4.73,4.74,4.69,-1.0526,1735280.7
2022-01-24,4.7,4.7,4.72,4.68,0.0,1418871.3
2022-01-25,4.67,4.69,4.7,4.67,-0.6383,1703836.68
2022-01-26,4.69,4.66,4.7,4.66,0.4283,1189948.14
2022-01-27,4.68,4.68,4.71,4.66,-0.2132,1436955.02
2022-01-28,4.66,4.68,4.73,4.66,-0.4274,2210438.8
2022-02-07,4.74,4.69,4.75,4.67,1.7167,2575288.6
2022-02-08,4.85,4.74,4.87,4.73,2.3207,4919720.42
2022-02-09,4.84,4.85,4.9,4.81,-0.2062,3522095.36
2022-02-10,4.86,4.85,4.87,4.8,0.4132,2527509.88
2022-02-11,4.87,4.84,4.89,4.83,0.2058,2168130.19
2022-02-14,4.8,4.85,4.86,4.77,-1.4374,2639674.46
2022-02-15,4.76,4.79,4.82,4.75,-0.8333,1957490.99
2022-02-16,4.78,4.77,4.81,4.75,0.4202,1554567.01
2022-02-17,4.78,4.78,4.81,4.77,0.0,1275750.79
2022-02-18,4.81,4.77,4.82,4.76,0.6276,1598895.48
2022-02-21,4.82,4.8,4.82,4.77,0.2079,1594033.65
2022-02-22,4.78,4.8,4.81,4.76,-0.8299,1708437.55
2022-02-23,4.77,4.78,4.78,4.74,-0.2092,2358015.79
2022-02-24,4.7,4.75,4.77,4.69,-1.4675,2566266.28
2022-02-25,4.67,4.7,4.72,4.66,-0.6383,2506018.2
2022-02-28,4.66,4.67,4.68,4.64,-0.2141,1949269.63
2022-03-01,4.68,4.67,4.7,4.65,0.4292,1942545.62
2022-03-02,4.7,4.67,4.71,4.66,0.4274,1520514.4
2022-03-03,4.74,4.69,4.76,4.69,0.8511,2273311.98
2022-03-04,4.72,4.73,4.73,4.67,-0.4219,1624987.74
2022-03-07,4.65,4.7,4.73,4.63,-1.4831,3529409.72
2022-03-08,4.62,4.65,4.66,4.6,-0.6452,2811335.58
2022-03-09,4.56,4.61,4.64,4.5,-1.2987,4620584.76
2022-03-10,4.56,4.59,4.61,4.55,0.0,2306743.82
2022-03-11,4.61,4.55,4.61,4.52,1.0965,2707875.31
2022-03-14,4.59,4.58,4.64,4.56,-0.4338,2290872.59
2022-03-15,4.54,4.57,4.6,4.51,-1.0893,5130132.85
2022-03-16,4.55,4.54,4.57,4.47,0.2203,4212432.43
2022-03-17,4.52,4.57,4.57,4.51,-0.6593,3098209.72
2022-03-18,4.55,4.52,4.6,4.51,0.6637,3627797.32
2022-03-21,4.54,4.56,4.57,4.53,-0.2198,2069417.62
2022-03-22,4.59,4.54,4.6,4.53,1.1013,2193054.6
2022-03-23,4.57,4.58,4.59,4.55,-0.4357,2068590.15
2022-03-24,4.58,4.55,4.6,4.54,0.2188,1505590.56
2022-03-25,4.62,4.58,4.64,4.58,0.8734,2277815.41
2022-03-28,4.69,4.62,4.7,4.6,1.5152,2870476.05
2022-03-29,4.72,4.69,4.73,4.67,0.6397,1939580.79
2022-03-30,4.71,4.72,4.73,4.66,-0.2119,2330530.21
2022-03-31,4.77,4.7,4.78,4.68,1.2739,2876908.88
2022-04-01,4.79,4.75,4.81,4.74,0.4193,2648250.48
2022-04-06,4.83,4.78,4.85,4.77,0.8351,3493007.01
2022-04-07,4.82,4.82,4.85,4.78,-0.207,3045433.31
2022-04-08,4.81,4.82,4.83,4.77,-0.2075,2501732.55
2022-04-11,4.78,4.8,4.82,4.76,-0.6237,2726414.54
2022-04-12,4.78,4.78,4.81,4.73,0.0,2761167.79
2022-04-13,4.79,4.78,4.82,4.77,0.2092,1971223.6
2022-04-14,4.77,4.8,4.81,4.76,-0.4175,1484144.96
2022-04-15,4.76,4.76,4.8,4.76,-0.2096,1934877.75
2022-04-18,4.72,4.75,4.78,4.71,-0.8403,1829658.37
2022-04-19,4.73,4.72,4.74,4.69,0.2119,1582093.54
2022-04-20,4.74,4.72,4.76,4.71,0.2114,1453319.08
2022-04-21,4.78,4.74,4.81,4.73,0.8439,3297911.38
2022-04-22,4.84,4.76,4.85,4.76,1.2552,3904377.87
2022-04-25,4.75,4.82,4.86,4.75,-1.8595,4717826.13
2022-04-26,4.81,4.75,4.83,4.73,1.2632,3636708.92
2022-04-27,4.71,4.8,4.83,4.68,-2.079,3835451.63
2022-04-28,4.77,4.71,4.77,4.7,1.2739,2959970.69
2022-04-29,4.78,4.76,4.8,4.72,0.2096,2639416.6
2022-05-05,4.75,4.78,4.8,4.72,-0.6276,2402048.34
2022-05-06,4.74,4.74,4.77,4.71,-0.2105,1690447.34
2022-05-09,4.76,4.73,4.77,4.71,0.4219,1613516.38
2022-05-10,4.73,4.75,4.77,4.72,-0.6303,1942057.06
2022-05-11,4.66,4.73,4.74,4.66,-1.4799,3534060.95
2022-05-12,4.65,4.66,4.67,4.64,-0.2146,1446944.24
2022-05-13,4.7,4.66,4.7,4.65,1.0753,1754111.95
2022-05-16,4.68,4.7,4.7,4.65,-0.4255,1668263.15
2022-05-17,4.66,4.69,4.69,4.65,-0.4274,2168890.33
2022-05-18,4.62,4.66,4.67,4.61,-0.8584,2260084.27
2022-05-19,4.61,4.61,4.62,4.59,-0.2165,1691556.29
2022-05-20,4.63,4.62,4.63,4.59,0.4338,2406916.32
2022-05-23,4.62,4.62,4.64,4.62,-0.216,1732243.51
2022-05-24,4.67,4.63,4.68,4.62,1.0823,2437748.64
2022-05-25,4.66,4.67,4.68,4.65,-0.2141,1523156.56
2022-05-26,4.65,4.66,4.67,4.63,-0.2146,1917670.89
2022-05-27,4.67,4.66,4.67,4.64,0.4301,1249997.58
2022-05-30,4.65,4.67,4.69,4.64,-0.4283,1588274.31
2022-05-31,4.66,4.64,4.68,4.63,0.2151,2513657.47
2022-06-01,4.65,4.65,4.67,4.63,-0.2146,1400676.61
2022-06-02,4.63,4.64,4.65,4.62,-0.4301,1521638.07
2022-06-06,4.6,4.63,4.64,4.58,-0.6479,2954334.37
2022-06-07,4.61,4.6,4.63,4.59,0.2174,1873120.09
2022-06-08,4.64,4.62,4.64,4.61,0.6508,1736302.19
2022-06-09,4.66,4.63,4.67,4.62,0.431,2193619.73
2022-06-10,4.69,4.66,4.69,4.65,0.6438,2647090.44
2022-06-13,4.67,4.68,4.69,4.63,-0.4264,2282411.27
2022-06-14,4.72,4.66,4.73,4.65,1.0707,2271488.53
2022-06-15,4.73,4.72,4.77,4.7,0.2119,2981358.89
2022-06-16,4.7,4.73,4.74,4.69,-0.6342,2101488.4
2022-06-17,4.75,4.7,4.75,4.69,1.0638,1810638.22
2022-06-20,4.7,4.75,4.75,4.7,-1.0526,1864115.17
2022-06-21,4.76,4.71,4.77,4.7,1.2766,2094053.97
2022-06-22,4.75,4.75,4.79,4.74,-0.2101,1567201.49
2022-06-23,4.77,4.76,4.78,4.75,0.4211,1754362.11
2022-06-24,4.74,4.76,4.78,4.72,-0.6289,1838538.97
2022-06-27,4.71,4.74,4.75,4.7,-0.6329,2315190.67
2022-06-28,4.73,4.71,4.74,4.69,0.4246,1707371.01
2022-06-29,4.77,4.73,4.77,4.72,0.8457,2155490.58
2022-06-30,4.77,4.76,4.78,4.74,0.0,1783255.35
2022-07-01,4.77,4.77,4.78,4.74,0.0,1349358.17
2022-07-04,4.77,4.77,4.79,4.75,0.0,1306120.61
2022-07-05,4.8,4.78,4.81,4.77,0.6289,2036720.06
2022-07-06,4.78,4.8,4.81,4.76,-0.4167,1768551.07
2022-07-07,4.76,4.78,4.79,4.76,-0.4184,1616038.98
2022-07-08,4.77,4.77,4.78,4.74,0.2101,1620288.79
2022-07-11,4.79,4.77,4.8,4.75,0.4193,3319089.02
2022-07-12,4.51,4.52,4.53,4.5,0.2222,3134478.42
2022-07-13,4.42,4.51,4.51,4.41,-1.9956,3393612.24
2022-07-14,4.37,4.42,4.42,4.32,-1.1312,3430233.31
2022-07-15,4.33,4.36,4.38,4.33,-0.9153,2188862.6
2022-07-18,4.37,4.34,4.37,4.34,0.9238,1770539.74
2022-07-19,4.39,4.36,4.41,4.35,0.4577,1747358.65
2022-07-20,4.44,4.4,4.45,4.39,1.139,1629580.37
2022-07-21,4.39,4.45,4.45,4.39,-1.1261,1486550.38
2022-07-22,4.41,4.39,4.43,4.39,0.4556,1438737.36
2022-07-25,4.44,4.41,4.44,4.4,0.6803,1315203.7
2022-07-26,4.42,4.44,4.45,4.42,-0.4505,1382246.01
2022-07-27,4.39,4.42,4.43,4.39,-0.6787,1259740.61
2022-07-28,4.39,4.39,4.42,4.39,0.0,1198583.7
2022-07-29,4.38,4.4,4.42,4.37,-0.2278,1433017.79
2022-08-01,4.37,4.37,4.4,4.36,-0.2283,1336474.35
2022-08-02,4.35,4.36,4.37,4.33,-0.4577,1803066.67
2022-08-03,4.32,4.34,4.36,4.32,-0.6897,1415814.5
2022-08-04,4.37,4.34,4.38,4.32,1.1574,1858632.44
2022-08-05,4.39,4.38,4.4,4.36,0.4577,1226915.18
2022-08-08,4.35,4.39,4.39,4.34,-0.9112,1294709.48
2022-08-09,4.34,4.35,4.37,4.34,-0.2299,820212.25
2022-08-10,4.33,4.34,4.35,4.32,-0.2304,907585.27
2022-08-11,4.36,4.34,4.37,4.33,0.6928,1526533.08
2022-08-12,4.36,4.36,4.37,4.34,0.0,1126271.34
2022-08-15,4.34,4.35,4.36,4.33,-0.4587,1193889.44
2022-08-16,4.33,4.34,4.35,4.33,-0.2304,1292595.34
2022-08-17,4.34,4.34,4.35,4.32,0.2309,1737077.62
2022-08-18,4.32,4.34,4.34,4.32,-0.4608,1079770.56
2022-08-19,4.33,4.33,4.35,4.32,0.2315,1065557.2
2022-08-22,4.33,4.33,4.35,4.32,0.0,1022983.46
2022-08-23,4.32,4.33,4.34,4.32,-0.2309,1062128.2
2022-08-24,4.32,4.33,4.34,4.32,0.0,1102185.03
2022-08-25,4.34,4.33,4.34,4.32,0.463,1164669.1
2022-08-26,4.35,4.34,4.35,4.33,0.2304,981045.72
2022-08-29,4.33,4.34,4.35,4.32,-0.4598,1029063.53
2022-08-30,4.36,4.34,4.36,4.33,0.6928,1340225.25
2022-08-31,4.38,4.35,4.38,4.34,0.4587,2592392.09
2022-09-01,4.36,4.36,4.37,4.35,-0.4566,1056918.15
2022-09-02,4.35,4.35,4.37,4.34,-0.2294,1297846.55
2022-09-05,4.36,4.35,4.36,4.33,0.2299,1259091.16
2022-09-06,4.36,4.36,4.38,4.34,0.0,1845802.31
2022-09-07,4.35,4.36,4.36,4.34,-0.2294,1189129.21
2022-09-08,4.35,4.36,4.36,4.34,0.0,1086742.4
2022-09-09,4.36,4.36,4.38,4.35,0.2299,1627950.22
2022-09-13,4.38,4.37,4.39,4.36,0.4587,2076228.55
2022-09-14,4.36,4.36,4.38,4.36,-0.4566,1195215.47
2022-09-15,4.39,4.37,4.4,4.36,0.6881,2994070.17
2022-09-16,4.36,4.39,4.4,4.36,-0.6834,2427171.38
2022-09-19,4.38,4.37,4.39,4.36,0.4587,2167207.03
2022-09-20,4.37,4.39,4.39,4.36,-0.2283,1485249.42
2022-09-21,4.37,4.37,4.39,4.35,0.0,1578483.49
2022-09-22,4.39,4.36,4.4,4.35,0.4577,2857305.08
2022-09-23,4.4,4.38,4.41,4.37,0.2278,2812241.6
2022-09-26,4.35,4.39,4.4,4.35,-1.1364,2626983.03
2022-09-27,4.34,4.35,4.36,4.33,-0.2299,1900358.23
2022-09-28,4.35,4.34,4.36,4.33,0.2304,1805772.77
2022-09-29,4.33,4.36,4.36,4.33,-0.4598,1758825.32
2022-09-30,4.35,4.34,4.36,4.33,0.4619,1578628.46
2022-10-10,4.36,4.35,4.38,4.33,0.2299,3177781.53
2022-10-11,4.37,4.36,4.38,4.34,0.2294,2071206.32
2022-10-12,4.4,4.37,4.4,4.36,0.6865,2592391.8
2022-10-13,4.35,4.39,4.39,4.34,-1.1364,2700348.47
2022-10-14,4.34,4.35,4.36,4.33,-0.2299,2629692.9
2022-10-17,4.35,4.34,4.38,4.33,0.2304,2562545.27
2022-10-18,4.35,4.36,4.36,4.34,0.0,1533381.79
2022-10-19,4.34,4.34,4.36,4.34,-0.2299,1679225.86
2022-10-20,4.35,4.35,4.36,4.34,0.2304,1712897.85
2022-10-21,4.35,4.35,4.36,4.34,0.0,1846239.59
2022-10-24,4.36,4.35,4.36,4.33,0.2299,3982764.2
2022-10-25,4.34,4.35,4.36,4.34,-0.4587,2059834.43
2022-10-26,4.28,4.34,4.35,4.28,-1.3825,4305151.47
2022-10-27,4.25,4.28,4.29,4.24,-0.7009,2614569.57
2022-10-28,4.25,4.26,4.27,4.24,0.0,2322386.17
2022-10-31,4.15,4.25,4.26,4.14,-2.3529,3136808.62
2022-11-01,4.08,4.15,4.16,4.01,-1.6867,6428447.8
2022-11-02,4.07,4.05,4.07,4.01,-0.2451,3450626.79
2022-11-03,4.06,4.05,4.06,4.04,-0.2457,1564672.37
2022-11-04,4.09,4.05,4.12,4.05,0.7389,3380993.45
2022-11-07,4.08,4.09,4.09,4.06,-0.2445,2420763.34
2022-11-08,4.09,4.08,4.09,4.07,0.2451,1266710.07
2022-11-09,4.1,4.09,4.11,4.08,0.2445,1368752.57
2022-11-10,4.11,4.09,4.11,4.08,0.2439,1423974.57
2022-11-11,4.15,4.12,4.16,4.11,0.9732,2768352.88
2022-11-14,4.15,4.16,4.19,4.15,0.0,2708150.58
2022-11-15,4.17,4.16,4.18,4.15,0.4819,1564140.1
2022-11-16,4.16,4.17,4.18,4.16,-0.2398,1132770.31
2022-11-17,4.17,4.16,4.17,4.14,0.2404,1681716.59
2022-11-18,4.17,4.17,4.19,4.16,0.0,1785481.49
2022-11-21,4.18,4.17,4.19,4.15,0.2398,1805231.96
2022-11-22,4.23,4.18,4.25,4.17,1.1962,2702553.18
2022-11-23,4.26,4.23,4.29,4.22,0.7092,3210906.57
2022-11-24,4.25,4.27,4.28,4.24,-0.2347,1413653.86
2022-11-25,4.32,4.25,4.33,4.25,1.6471,3698254.16
2022-11-28,4.24,4.29,4.3,4.22,-1.8519,2927271.24
2022-11-29,4.32,4.25,4.34,4.24,1.8868,4116956.33
2022-11-30,4.3,4.3,4.33,4.28,-0.463,3121823.07
2022-12-01,4.25,4.32,4.33,4.24,-1.1628,3527083.71
2022-12-02,4.24,4.25,4.26,4.23,-0.2353,1998981.23
2022-12-05,4.3,4.26,4.32,4.25,1.4151,3497316.92
2022-12-06,4.31,4.3,4.32,4.29,0.2326,2597515.49
2022-12-07,4.29,4.31,4.32,4.28,-0.464,2223357.63
2022-12-08,4.3,4.29,4.31,4.28,0.2331,1966006.46
2022-12-09,4.3,4.3,4.32,4.29,0.0,2564903.65
2022-12-12,4.27,4.3,4.3,4.27,-0.6977,1967081.31
2022-12-13,4.3,4.28,4.31,4.27,0.7026,1640735.77
2022-12-14,4.29,4.3,4.31,4.27,-0.2326,1975053.51
2022-12-15,4.26,4.28,4.29,4.25,-0.6993,1793039.37
2022-12-16,4.29,4.26,4.29,4.24,0.7042,1982171.66
2022-12-19,4.26,4.28,4.31,4.25,-0.6993,1647837.22
2022-12-20,4.23,4.25,4.27,4.23,-0.7042,1769707.42
2022-12-21,4.25,4.23,4.26,4.23,0.4728,1188930.37
2022-12-22,4.27,4.26,4.28,4.25,0.4706,1296888.69
2022-12-23,4.25,4.27,4.27,4.25,-0.4684,904597.86
2022-12-26,4.26,4.26,4.28,4.24,0.2353,1470701.24
2022-12-27,4.3,4.27,4.31,4.26,0.939,1849633.29
2022-12-28,4.32,4.3,4.33,4.29,0.4651,1755915.54
2022-12-29,4.3,4.31,4.32,4.26,-0.463,1885665.53
2022-12-30,4.34,4.31,4.35,4.3,0.9302,2983386.66
2023-01-03,4.31,4.34,4.34,4.3,-0.6912,2428809.7
2023-01-04,4.36,4.32,4.36,4.31,1.1601,2351477.35
2023-01-05,4.33,4.36,4.38,4.33,-0.6881,2017797.78
2023-01-06,4.34,4.33,4.35,4.31,0.2309,1687138.02
2023-01-09,4.33,4.35,4.36,4.33,-0.2304,1666791.6
2023-01-10,4.3,4.34,4.34,4.3,-0.6928,1751258.73
2023-01-11,4.31,4.3,4.32,4.29,0.2326,1349496.38
2023-01-12,4.3,4.31,4.32,4.29,-0.232,1095530.61
2023-01-13,4.34,4.3,4.34,4.3,0.9302,1310556.43
2023-01-16,4.34,4.34,4.36,4.33,0.0,2239500.53
2023-01-17,4.33,4.34,4.35,4.31,-0.2304,1348396.46
2023-01-18,4.34,4.33,4.35,4.33,0.2309,1290402.2
2023-01-19,4.33,4.33,4.34,4.31,-0.2304,1311153.98
2023-01-20,4.33,4.33,4.34,4.32,0.0,1423233.56
2023-01-30,4.32,4.34,4.35,4.31,-0.2309,2451083.79
2023-01-31,4.32,4.32,4.33,4.31,0.0,1687635.24
2023-02-01,4.31,4.32,4.33,4.3,-0.2315,1729252.59
2023-02-02,4.3,4.32,4.32,4.3,-0.232,2020736.28
2023-02-03,4.3,4.3,4.31,4.29,0.0,1974191.01
2023-02-06,4.29,4.3,4.3,4.28,-0.2326,2162137.5
2023-02-07,4.29,4.29,4.31,4.28,0.0,1583521.42
2023-02-08,4.3,4.3,4.31,4.29,0.2331,1294928.29
2023-02-09,4.3,4.29,4.31,4.29,0.0,1307659.09
2023-02-10,4.31,4.31,4.31,4.29,0.2326,1202376.2
2023-02-13,4.29,4.3,4.31,4.29,-0.464,1902540.36
2023-02-14,4.3,4.3,4.31,4.29,0.2331,1064557.57
2023-02-15,4.29,4.3,4.31,4.28,-0.2326,2040446.17
2023-02-16,4.28,4.29,4.3,4.28,-0.2331,1894246.99
2023-02-17,4.28,4.28,4.3,4.28,0.0,1786395.16
2023-02-20,4.31,4.29,4.31,4.28,0.7009,2339844.07
2023-02-21,4.32,4.3,4.32,4.3,0.232,1678930.37
2023-02-22,4.3,4.32,4.32,4.3,-0.463,937519.93
2023-02-23,4.3,4.31,4.32,4.3,0.0,1215628.07
2023-02-24,4.29,4.31,4.31,4.29,-0.2326,1391182.56
2023-02-27,4.29,4.29,4.3,4.28,0.0,1201801.77
2023-02-28,4.3,4.29,4.3,4.28,0.2331,1580501.25
2023-03-01,4.3,4.3,4.31,4.29,0.0,2575566.7
2023-03-02,4.32,4.3,4.32,4.29,0.4651,2209294.25
2023-03-03,4.36,4.32,4.37,4.32,0.9259,3222511.25
2023-03-06,4.35,4.37,4.38,4.34,-0.2294,3218611.78
2023-03-07,4.39,4.35,4.48,4.34,0.9195,6770934.04
2023-03-08,4.4,4.37,4.41,4.35,0.2278,2513977.16
2023-03-09,4.38,4.4,4.44,4.38,-0.4545,2410878.53
2023-03-10,4.34,4.36,4.38,4.34,-0.9132,2221254.32
2023-03-13,4.4,4.34,4.41,4.33,1.3825,2491912.4
2023-03-14,4.41,4.39,4.44,4.38,0.2273,2542644.76
2023-03-15,4.46,4.43,4.47,4.41,1.1338,2896830.79
2023-03-16,4.52,4.45,4.57,4.44,1.3453,5873947.44
2023-03-17,4.52,4.53,4.58,4.49,0.0,3428580.62
2023-03-20,4.51,4.52,4.6,4.5,-0.2212,3386446.15
2023-03-21,4.45,4.52,4.55,4.44,-1.3304,2735102.46
2023-03-22,4.52,4.46,4.52,4.45,1.573,2218087.82
2023-03-23,4.52,4.51,4.53,4.48,0.0,1898473.48
2023-03-24,4.48,4.51,4.51,4.47,-0.885,1619528.87
2023-03-27,4.46,4.47,4.48,4.41,-0.4464,2126959.3
2023-03-28,4.49,4.47,4.5,4.44,0.6726,1718590.69
2023-03-29,4.51,4.5,4.53,4.46,0.4454,2153324.56
2023-03-30,4.52,4.51,4.55,4.48,0.2217,1810266.32
2023-03-31,4.46,4.52,4.52,4.45,-1.3274,2345624.82
2023-04-03,4.45,4.46,4.47,4.44,-0.2242,2005186.09
2023-04-04,4.52,4.45,4.52,4.44,1.573,3061591.33
2023-04-06,4.53,4.51,4.54,4.49,0.2212,1958216.08
2023-04-07,4.53,4.52,4.54,4.51,0.0,1247347.68
2023-04-10,4.55,4.53,4.56,4.5,0.4415,2403449.17
2023-04-11,4.55,4.55,4.57,4.53,0.0,1852176.53
2023-04-12,4.61,4.56,4.64,4.55,1.3187,3198518.03
2023-04-13,4.63,4.6,4.65,4.58,0.4338,2187342.68
2023-04-14,4.63,4.65,4.65,4.61,0.0,1514960.89
2023-04-17,4.73,4.63,4.74,4.62,2.1598,3556291.81
2023-04-18,4.77,4.73,4.81,4.72,0.8457,3952574.34
2023-04-19,4.76,4.77,4.8,4.75,-0.2096,2699213.78
2023-04-20,4.74,4.76,4.79,4.68,-0.4202,3180013.41
2023-04-21,4.7,4.74,4.79,4.69,-0.8439,3158540.05
2023-04-24,4.72,4.7,4.75,4.68,0.4255,3062068.1
2023-04-25,4.75,4.71,4.78,4.71,0.6356,3915674.75
2023-04-26,4.75,4.74,4.78,4.65,0.0,4009611.15
2023-04-27,4.75,4.74,4.75,4.7,0.0,2657079.62
2023-04-28,4.72,4.74,4.78,4.7,-0.6316,2503244.0
2023-05-04,4.95,4.7,4.96,4.68,4.8729,7289708.42
2023-05-05,4.99,4.94,5.1,4.94,0.8081,6828810.0
2023-05-08,5.3,5.02,5.36,5.01,6.2124,10488613.02
2023-05-09,5.27,5.37,5.47,5.22,-0.566,9334986.15
2023-05-10,5.03,5.22,5.26,4.99,-4.5541,7516354.46
2023-05-11,5.0,5.03,5.11,4.99,-0.5964,4037362.61
2023-05-12,4.98,4.99,5.05,4.95,-0.4,3651839.27
2023-05-15,5.04,4.99,5.06,4.85,1.2048,5121251.41
2023-05-16,5.01,5.04,5.14,4.98,-0.5952,3238579.0
2023-05-17,4.99,4.99,5.04,4.93,-0.3992,2615395.51
2023-05-18,5.12,5.0,5.18,4.99,2.6052,4402893.21
2023-05-19,5.04,5.11,5.14,5.04,-1.5625,3082250.32
2023-05-22,5.07,5.04,5.15,5.02,0.5952,2578695.76
2023-05-23,4.93,5.06,5.11,4.91,-2.7613,4411799.99
2023-05-24,4.76,4.95,4.96,4.75,-3.4483,5227541.45
2023-05-25,4.74,4.73,4.77,4.7,-0.4202,3461347.35
2023-05-26,4.8,4.74,4.84,4.72,1.2658,2346930.92
2023-05-29,4.85,4.81,4.88,4.8,1.0417,2980559.48
2023-05-30,4.82,4.84,4.88,4.79,-0.6186,2689175.49
2023-05-31,4.83,4.81,4.87,4.78,0.2075,2513541.53
2023-06-01,4.86,4.82,4.92,4.8,0.6211,2708660.17
2023-06-02,4.88,4.86,4.9,4.84,0.4115,1594868.42
2023-06-05,4.96,4.88,4.98,4.86,1.6393,1961820.25
2023-06-06,4.96,4.96,5.05,4.94,0.0,2501764.9
2023-06-07,5.01,4.97,5.05,4.97,1.0081,2192964.42
2023-06-08,5.09,5.01,5.1,4.98,1.5968,2413816.83
2023-06-09,5.07,5.08,5.12,5.06,-0.3929,2114255.48
2023-06-12,4.97,5.08,5.09,4.95,-1.9724,2706656.25
2023-06-13,5.0,4.96,5.01,4.95,0.6036,1622393.81
2023-06-14,4.87,4.99,5.02,4.86,-2.6,3504577.16
2023-06-15,4.91,4.9,4.96,4.87,0.8214,2252519.16
2023-06-16,4.88,4.91,4.92,4.88,-0.611,2177238.33
2023-06-19,4.83,4.88,4.89,4.81,-1.0246,2294115.14
2023-06-20,4.83,4.83,4.87,4.8,0.0,1754802.58
2023-06-21,4.85,4.82,4.93,4.81,0.4141,2736087.67
2023-06-26,4.77,4.85,4.86,4.75,-1.6495,2989837.96
2023-06-27,4.81,4.77,4.82,4.73,0.8386,2129214.48
2023-06-28,4.82,4.8,4.84,4.78,0.2079,1914026.17
2023-06-29,4.78,4.81,4.82,4.78,-0.8299,1768647.0
2023-06-30,4.82,4.79,4.84,4.79,0.8368,1789393.86
2023-07-03,4.88,4.84,4.89,4.8,1.2448,2885172.37
2023-07-04,4.83,4.87,4.88,4.82,-1.0246,2236081.29
2023-07-05,4.82,4.83,4.85,4.79,-0.207,1650508.24
2023-07-06,4.77,4.8,4.83,4.76,-1.0373,2402678.18
2023-07-07,4.76,4.76,4.81,4.75,-0.2096,2204643.4
2023-07-10,4.77,4.77,4.79,4.75,0.2101,1259393.4
2023-07-11,4.83,4.79,4.84,4.78,1.2579,1810361.38
2023-07-12,4.81,4.83,4.86,4.8,-0.4141,1862673.15
2023-07-13,4.87,4.82,4.89,4.82,1.2474,2581133.39
2023-07-14,4.87,4.88,4.9,4.84,0.0,3056799.51
2023-07-17,4.57,4.6,4.61,4.55,0.0,2872925.76
2023-07-18,4.54,4.57,4.58,4.52,-0.6565,2104102.78
2023-07-19,4.56,4.53,4.57,4.52,0.4405,1451546.82
2023-07-20,4.58,4.57,4.6,4.56,0.4386,1444105.38
2023-07-21,4.58,4.57,4.59,4.56,0.0,1303226.32
2023-07-24,4.57,4.57,4.59,4.54,-0.2183,1158905.83
2023-07-25,4.62,4.59,4.63,4.58,1.0941,1924507.6
2023-07-26,4.63,4.62,4.64,4.6,0.2165,1154337.68
2023-07-27,4.7,4.63,4.75,4.63,1.5119,2404240.94
2023-07-28,4.79,4.68,4.8,4.67,1.9149,2585045.18
2023-07-31,4.77,4.8,4.86,4.74,-0.4175,2822097.05
2023-08-01,4.78,4.77,4.8,4.75,0.2096,1849948.17
2023-08-02,4.67,4.75,4.76,4.65,-2.3013,3016435.61
2023-08-03,4.72,4.67,4.74,4.64,1.0707,2110533.35
2023-08-04,4.74,4.74,4.78,4.7,0.4237,2359550.82
2023-08-07,4.71,4.73,4.73,4.67,-0.6329,1899890.34
2023-08-08,4.68,4.7,4.71,4.67,-0.6369,1292974.86
2023-08-09,4.71,4.67,4.71,4.67,0.641,1275891.57
2023-08-10,4.69,4.7,4.71,4.67,-0.4246,1251263.26
2023-08-11,4.61,4.69,4.69,4.61,-1.7058,2065553.65
2023-08-14,4.56,4.59,4.59,4.54,-1.0846,2062904.37
2023-08-15,4.64,4.57,4.66,4.56,1.7544,1901957.41
2023-08-16,4.64,4.62,4.65,4.6,0.0,1319587.2
2023-08-17,4.6,4.63,4.63,4.57,-0.8621,1777380.13
2023-08-18,4.61,4.59,4.67,4.58,0.2174,2106844.2
2023-08-21,4.56,4.61,4.63,4.56,-1.0846,2008059.66
2023-08-22,4.62,4.57,4.64,4.55,1.3158,2591200.96
2023-08-23,4.64,4.61,4.68,4.59,0.4329,2519848.55
2023-08-24,4.59,4.65,4.66,4.59,-1.0776,2117788.09
2023-08-25,4.66,4.58,4.68,4.58,1.5251,2670931.85
2023-08-28,4.73,4.8,4.8,4.68,1.5021,4335473.77
2023-08-29,4.63,4.71,4.72,4.61,-2.1142,3805806.67
2023-08-30,4.59,4.63,4.63,4.57,-0.8639,3254210.81
2023-08-31,4.62,4.58,4.64,4.56,0.6536,2894279.34
2023-09-01,4.57,4.59,4.61,4.55,-1.0823,2968283.99
2023-09-04,4.6,4.58,4.61,4.56,0.6565,2511760.29
2023-09-05,4.59,4.59,4.6,4.58,-0.2174,1665329.13
2023-09-06,4.61,4.58,4.62,4.58,0.4357,1565622.16
2023-09-07,4.62,4.61,4.64,4.6,0.2169,2110284.8
2023-09-08,4.59,4.62,4.62,4.58,-0.6494,1228218.74
2023-09-11,4.59,4.59,4.61,4.58,0.0,1734103.68
2023-09-12,4.6,4.59,4.6,4.58,0.2179,1260714.89
2023-09-13,4.62,4.6,4.63,4.59,0.4348,2062878.57
2023-09-14,4.68,4.63,4.68,4.62,1.2987,3511706.7
2023-09-15,4.63,4.68,4.7,4.63,-1.0684,2397323.57
2023-09-18,4.64,4.64,4.65,4.61,0.216,1661257.86
2023-09-19,4.68,4.64,4.68,4.63,0.8621,2066133.2
2023-09-20,4.69,4.67,4.71,4.66,0.2137,2844159.41
2023-09-21,4.69,4.69,4.74,4.68,0.0,2981619.43
2023-09-22,4.74,4.69,4.74,4.67,1.0661,3099886.4
2023-09-25,4.73,4.74,4.76,4.72,-0.211,2372227.11
2023-09-26,4.7,4.74,4.75,4.68,-0.6342,2148475.45
2023-09-27,4.65,4.7,4.71,4.65,-1.0638,2258028.62
2023-09-28,4.68,4.67,4.7,4.66,0.6452,1569716.96
2023-10-09,4.67,4.65,4.7,4.63,-0.2137,2148065.59
2023-10-10,4.68,4.69,4.72,4.67,0.2141,1860356.24
2023-10-11,4.72,4.69,4.73,4.69,0.8547,2692050.11
2023-10-12,4.84,4.8,4.85,4.78,2.5424,5677657.57
2023-10-13,4.89,4.81,4.94,4.8,1.0331,4282273.31
2023-10-16,4.92,4.88,4.94,4.85,0.6135,2823494.73
2023-10-17,4.92,4.91,4.93,4.89,0.0,1900438.65
2023-10-18,4.93,4.91,4.98,4.9,0.2033,2757790.4
2023-10-19,4.83,4.91,4.92,4.81,-2.0284,3631633.94
2023-10-20,4.79,4.8,4.84,4.76,-0.8282,2747824.94
2023-10-23,4.82,4.78,4.85,4.77,0.6263,2687135.43
2023-10-24,4.76,4.82,4.83,4.73,-1.2448,3355482.67
2023-10-25,4.71,4.77,4.79,4.71,-1.0504,3489260.2
2023-10-26,4.79,4.71,4.8,4.71,1.6985,3065313.2
2023-10-27,4.77,4.8,4.83,4.75,-0.4175,2929633.33
2023-10-30,4.69,4.75,4.76,4.66,-1.6771,4686115.43
2023-10-31,4.73,4.69,4.74,4.67,0.8529,2411116.06
2023-11-01,4.77,4.74,4.78,4.7,0.8457,2166782.45
2023-11-02,4.78,4.78,4.82,4.77,0.2096,2132217.16
2023-11-03,4.74,4.78,4.79,4.73,-0.8368,1995544.43
2023-11-06,4.71,4.74,4.76,4.7,-0.6329,3155535.62
2023-11-07,4.72,4.71,4.75,4.69,0.2123,1762681.14
2023-11-08,4.71,4.71,4.74,4.69,-0.2119,2307978.03
2023-11-09,4.78,4.7,4.79,4.7,1.4862,2774644.05
2023-11-10,4.78,4.77,4.82,4.74,0.0,2157019.07
2023-11-13,4.76,4.78,4.78,4.72,-0.4184,1784472.23
2023-11-14,4.79,4.75,4.79,4.73,0.6303,2065392.73
2023-11-15,4.79,4.78,4.8,4.77,0.0,1510144.82
2023-11-16,4.8,4.78,4.82,4.77,0.2088,1783049.21
2023-11-17,4.78,4.8,4.81,4.76,-0.4167,1733745.18
2023-11-20,4.81,4.78,4.82,4.77,0.6276,1737244.26
2023-11-21,4.81,4.81,4.84,4.8,0.0,1855786.21
2023-11-22,4.8,4.8,4.83,4.79,-0.2079,1426232.61
2023-11-23,4.8,4.81,4.81,4.77,0.0,1713015.15
2023-11-24,4.8,4.8,4.82,4.79,0.0,1862324.46
2023-11-27,4.78,4.79,4.8,4.75,-0.4167,2183710.03
2023-11-28,4.79,4.78,4.8,4.77,0.2092,1333511.04
2023-11-29,4.77,4.78,4.79,4.76,-0.4175,1608007.36
2023-11-30,4.81,4.77,4.81,4.76,0.8386,2146402.58
2023-12-01,4.81,4.8,4.83,4.79,0.0,2500466.51
2023-12-04,4.8,4.81,4.83,4.8,-0.2079,1531861.34
2023-12-05,4.76,4.8,4.81,4.76,-0.8333,1981988.79
2023-12-06,4.7,4.76,4.76,4.7,-1.2605,2952964.99
2023-12-07,4.73,4.7,4.75,4.68,0.6383,2347758.11
2023-12-08,4.73,4.74,4.77,4.72,0.0,1983784.01
2023-12-11,4.73,4.72,4.75,4.65,0.0,2796161.94
2023-12-12,4.79,4.72,4.8,4.7,1.2685,2769037.14
2023-12-13,4.79,4.79,4.81,4.77,0.0,2490304.27
2023-12-14,4.77,4.79,4.81,4.76,-0.4175,1521738.1
2023-12-15,4.73,4.77,4.79,4.73,-0.8386,1953904.87
2023-12-18,4.77,4.73,4.8,4.71,0.8457,2380762.15
2023-12-19,4.79,4.77,4.8,4.76,0.4193,1753940.13
2023-12-20,4.79,4.8,4.83,4.77,0.0,2219819.82
2023-12-21,4.79,4.78,4.8,4.73,0.0,2465344.66
2023-12-22,4.78,4.79,4.8,4.76,-0.2088,2218555.54
2023-12-25,4.8,4.77,4.81,4.77,0.4184,1094809.35
2023-12-26,4.82,4.8,4.82,4.79,0.4167,1487371.76
2023-12-27,4.83,4.82,4.84,4.78,0.2075,1843188.2
2023-12-28,4.77,4.83,4.85,4.77,-1.2422,3465162.02
2023-12-29,4.78,4.78,4.8,4.77,0.2096,1800477.63
2024-01-02,4.79,4.78,4.83,4.77,0.2092,2071811.11
2024-01-03,4.84,4.79,4.85,4.78,1.0438,2488954.27
2024-01-04,4.89,4.84,4.9,4.83,1.0331,2865675.59
2024-01-05,4.87,4.89,4.94,4.86,-0.409,2860747.2
2024-01-08,4.88,4.87,4.91,4.85,0.2053,3252257.28
2024-01-09,4.88,4.88,4.89,4.83,0.0,2257344.56
2024-01-10,4.85,4.87,4.91,4.83,-0.6148,2342434.92
2024-01-11,4.78,4.84,4.85,4.77,-1.4433,3306668.51
2024-01-12,4.81,4.77,4.83,4.76,0.6276,2300664.93
2024-01-15,4.86,4.8,4.86,4.79,1.0395,1810482.9
2024-01-16,4.89,4.84,4.9,4.84,0.6173,2480399.13
2024-01-17,4.84,4.88,4.9,4.84,-1.0225,2766317.05
2024-01-18,4.85,4.83,4.88,4.72,0.2066,5232772.95
2024-01-19,4.89,4.83,4.89,4.79,0.8247,3867215.35
2024-01-22,4.89,4.87,4.94,4.86,0.0,4420635.13
2024-01-23,4.89,4.89,4.92,4.84,0.0,3107488.1
2024-01-24,4.97,4.9,4.98,4.88,1.636,3348474.64
2024-01-25,5.01,4.98,5.05,4.97,0.8048,3437583.76
2024-01-26,5.09,5.01,5.11,4.99,1.5968,3899367.54
2024-01-29,5.16,5.08,5.2,5.08,1.3752,3844041.39
2024-01-30,5.13,5.14,5.18,5.09,-0.5814,2914816.62
2024-01-31,5.17,5.12,5.19,5.1,0.7797,2963858.63
2024-02-01,5.14,5.15,5.2,5.13,-0.5803,2993715.09
2024-02-02,5.17,5.14,5.2,5.09,0.5837,4075978.19
2024-02-05,5.29,5.17,5.3,5.16,2.3211,6159388.32
2024-02-06,5.32,5.29,5.38,5.27,0.5671,5649136.91
2024-02-07,5.23,5.31,5.31,5.08,-1.6917,7753354.96
2024-02-08,5.16,5.16,5.17,5.09,-1.3384,4653693.43
2024-02-19,5.27,5.16,5.28,5.1,2.1318,4797143.86
2024-02-20,5.35,5.27,5.36,5.23,1.518,3059780.96
2024-02-21,5.41,5.34,5.47,5.33,1.1215,3467348.93
2024-02-22,5.42,5.4,5.43,5.36,0.1848,2231278.68
2024-02-23,5.48,5.41,5.52,5.41,1.107,3583185.46
2024-02-26,5.32,5.48,5.48,5.3,-2.9197,3677178.6
2024-02-27,5.3,5.3,5.36,5.25,-0.3759,2940999.47
2024-02-28,5.33,5.3,5.37,5.23,0.566,3806093.95
2024-02-29,5.33,5.31,5.36,5.3,0.0,2520777.65
2024-03-01,5.34,5.32,5.35,5.29,0.1876,2477511.46
2024-03-04,5.32,5.32,5.34,5.28,-0.3745,2557572.75
2024-03-05,5.46,5.32,5.48,5.3,2.6316,4298467.12
2024-03-06,5.35,5.45,5.49,5.35,-2.0147,3527871.55
2024-03-07,5.38,5.35,5.4,5.34,0.5607,3074594.09
2024-03-08,5.39,5.37,5.4,5.34,0.1859,2472003.99
2024-03-11,5.37,5.38,5.39,5.33,-0.3711,2243026.48
2024-03-12,5.2,5.36,5.36,5.19,-3.1657,5117147.72
2024-03-13,5.17,5.19,5.21,5.14,-0.5769,3003607.21
2024-03-14,5.19,5.16,5.23,5.14,0.3868,2413114.21
2024-03-15,5.21,5.19,5.24,5.19,0.3854,2258614.2
2024-03-18,5.18,5.21,5.22,5.17,-0.5758,1911734.51
2024-03-19,5.15,5.18,5.2,5.15,-0.5792,2028046.19
2024-03-20,5.2,5.15,5.22,5.12,0.9709,2453975.99
2024-03-21,5.22,5.2,5.24,5.18,0.3846,2051062.53
2024-03-22,5.25,5.23,5.27,5.18,0.5747,2657844.34
2024-03-25,5.29,5.25,5.29,5.24,0.7619,2374081.0
2024-03-26,5.33,5.29,5.33,5.26,0.7561,2433596.24
2024-03-27,5.36,5.32,5.39,5.3,0.5629,2907078.55
2024-03-28,5.25,5.34,5.35,5.22,-2.0522,3978897.68
2024-03-29,5.28,5.25,5.33,5.23,0.5714,2298122.71
2024-04-01,5.29,5.28,5.32,5.27,0.1894,2019199.27
2024-04-02,5.34,5.29,5.36,5.28,0.9452,3142501.34
2024-04-03,5.33,5.34,5.36,5.3,-0.1873,2182241.33
2024-04-08,5.4,5.33,5.41,5.31,1.3133,3070468.83
2024-04-09,5.33,5.4,5.44,5.32,-1.2963,3139150.16
2024-04-10,5.34,5.34,5.39,5.32,0.1876,2449472.47
2024-04-11,5.32,5.32,5.34,5.27,-0.3745,2002637.55
2024-04-12,5.32,5.32,5.35,5.29,0.0,2483943.69
2024-04-15,5.42,5.33,5.43,5.33,1.8797,4012439.4
2024-04-16,5.47,5.42,5.5,5.38,0.9225,4000692.53
2024-04-17,5.5,5.45,5.52,5.39,0.5484,3322041.61
2024-04-18,5.52,5.49,5.63,5.48,0.3636,3879727.59
2024-04-19,5.55,5.5,5.59,5.5,0.5435,2559405.97
2024-04-22,5.48,5.57,5.64,5.47,-1.2613,3275212.49
2024-04-23,5.5,5.49,5.58,5.46,0.365,3309129.67
2024-04-24,5.47,5.5,5.52,5.46,-0.5455,2360259.75
2024-04-25,5.49,5.48,5.5,5.45,0.3656,1650745.56
2024-04-26,5.4,5.49,5.54,5.39,-1.6393,4710331.31
2024-04-29,5.38,5.39,5.44,5.34,-0.3704,3490150.64
2024-04-30,5.43,5.37,5.45,5.36,0.9294,2601743.83
2024-05-06,5.37,5.45,5.47,5.36,-1.105,4058714.0
2024-05-07,5.4,5.37,5.41,5.35,0.5587,2781631.43
2024-05-08,5.41,5.4,5.45,5.38,0.1852,2967672.33
2024-05-09,5.38,5.4,5.41,5.37,-0.5545,2401955.98
2024-05-10,5.4,5.39,5.42,5.38,0.3717,2646861.14
2024-05-13,5.41,5.4,5.43,5.36,0.1852,2390939.56
2024-05-14,5.37,5.41,5.41,5.36,-0.7394,2578666.93
2024-05-15,5.38,5.37,5.39,5.36,0.1862,1427081.45
2024-05-16,5.41,5.37,5.42,5.36,0.5576,2971888.55
2024-05-17,5.47,5.41,5.47,5.39,1.1091,3830016.26
2024-05-20,5.46,5.47,5.53,5.44,-0.1828,3318202.67
2024-05-21,5.5,5.46,5.51,5.44,0.7326,2736760.42
2024-05-22,5.51,5.5,5.54,5.49,0.1818,2458440.77
2024-05-23,5.49,5.52,5.53,5.47,-0.363,2241625.38
2024-05-24,5.44,5.49,5.51,5.44,-0.9107,2261860.85
2024-05-27,5.48,5.45,5.49,5.44,0.7353,2155681.86
2024-05-28,5.49,5.48,5.51,5.46,0.1825,1957240.15
2024-05-29,5.47,5.49,5.51,5.45,-0.3643,2277199.46
2024-05-30,5.44,5.47,5.48,5.42,-0.5484,2239850.68
2024-05-31,5.43,5.45,5.47,5.43,-0.1838,2037423.14
2024-06-03,5.44,5.43,5.45,5.41,0.1842,2157727.21
2024-06-04,5.47,5.44,5.47,5.44,0.5515,1756287.96
2024-06-05,5.46,5.47,5.48,5.45,-0.1828,1889975.45
2024-06-06,5.46,5.46,5.49,5.45,0.0,2375214.46
2024-06-07,5.52,5.46,5.52,5.45,1.0989,2972943.46
2024-06-11,5.44,5.52,5.54,5.44,-1.4493,3337614.44
2024-06-12,5.4,5.44,5.45,5.36,-0.7353,3234761.83
2024-06-13,5.43,5.4,5.44,5.39,0.5556,1804744.5
2024-06-14,5.5,5.43,5.52,5.42,1.2891,3698140.97
2024-06-17,5.43,5.49,5.5,5.4,-1.2727,2737858.28
2024-06-18,5.45,5.42,5.46,5.39,0.3683,2010650.32
2024-06-19,5.5,5.44,5.5,5.44,0.9174,2479370.06
2024-06-20,5.52,5.5,5.52,5.48,0.3636,2133766.62
2024-06-21,5.51,5.51,5.53,5.48,-0.1812,2248273.78
2024-06-24,5.57,5.51,5.58,5.5,1.0889,3317211.47
2024-06-25,5.6,5.56,5.61,5.55,0.5386,2924741.47
2024-06-26,5.63,5.6,5.66,5.59,0.5357,2524705.34
2024-06-27,5.7,5.62,5.71,5.6,1.2433,3156535.8
2024-06-28,5.7,5.69,5.72,5.65,0.0,2685533.36
2024-07-01,5.82,5.69,5.85,5.68,2.1053,3202846.26
2024-07-02,5.97,5.82,5.98,5.81,2.5773,3770405.33
2024-07-03,5.89,5.96,5.98,5.85,-1.34,2743718.79
2024-07-04,5.96,5.89,5.98,5.88,1.1885,2618980.11
2024-07-05,5.83,5.96,6.0,5.81,-2.1812,3993119.82
2024-07-08,5.89,5.82,5.94,5.81,1.0292,2883648.82
2024-07-09,5.94,5.89,5.94,5.85,0.8489,2955343.19
2024-07-10,6.0,5.94,6.01,5.94,1.0101,2876301.33
2024-07-11,5.93,6.0,6.0,5.86,-1.1667,3767984.73
2024-07-12,6.08,5.92,6.1,5.91,2.5295,4009672.81
2024-07-15,6.2,6.09,6.24,6.06,1.9737,4289582.6
2024-07-16,5.89,5.92,5.97,5.83,0.0,5035591.21
2024-07-17,5.91,5.88,5.94,5.84,0.3396,3218991.85
2024-07-18,5.91,5.9,5.92,5.86,0.0,2553864.18
2024-07-19,5.91,5.9,5.92,5.82,0.0,3601439.72
2024-07-22,5.84,5.88,5.89,5.76,-1.1844,3230606.57
2024-07-23,6.01,5.82,6.06,5.81,2.911,5081438.09
2024-07-24,6.06,6.0,6.11,5.99,0.8319,3184497.85
2024-07-25,6.06,6.05,6.12,5.97,0.0,4114786.68
2024-07-26,5.93,6.05,6.07,5.86,-2.1452,4159456.31
2024-07-29,5.98,5.92,5.98,5.84,0.8432,2618931.27
2024-07-30,5.99,5.97,6.03,5.91,0.1672,2495335.09
2024-07-31,5.85,5.98,6.01,5.83,-2.3372,4614729.59
2024-08-01,5.88,5.83,5.91,5.73,0.5128,3731393.97
2024-08-02,5.88,5.85,5.92,5.83,0.0,2814158.49
2024-08-05,5.87,5.88,5.95,5.83,-0.1701,3195446.31
2024-08-06,5.8,5.88,5.89,5.78,-1.1925,2754700.37
2024-08-07,5.82,5.82,5.88,5.8,0.3448,2270152.19
2024-08-08,5.87,5.83,5.88,5.81,0.8591,1871759.43
2024-08-09,5.92,5.87,5.93,5.84,0.8518,1850788.05
2024-08-12,5.99,5.92,6.02,5.91,1.1824,2258478.36
2024-08-13,6.0,5.99,6.08,5.93,0.1669,2404186.94
2024-08-14,6.02,5.98,6.04,5.97,0.3333,1880448.15
2024-08-15,6.05,6.02,6.06,6.0,0.4983,2067400.74
2024-08-16,6.14,6.05,6.15,6.03,1.4876,2701940.42
2024-08-19,6.27,6.14,6.29,6.1,2.1173,3388635.14
2024-08-20,6.39,6.26,6.4,6.25,1.9139,3995974.2
2024-08-21,6.3,6.35,6.36,6.25,-1.4085,3315883.2
2024-08-22,6.42,6.29,6.44,6.29,1.9048,3502301.55
2024-08-23,6.46,6.42,6.48,6.35,0.6231,2656574.2
2024-08-26,6.43,6.44,6.47,6.35,-0.4644,2673110.89
2024-08-27,6.53,6.42,6.55,6.41,1.5552,3232496.44
2024-08-28,6.49,6.53,6.57,6.44,-0.6126,3147225.13
2024-08-29,6.22,6.48,6.49,6.2,-4.1602,5573147.46
2024-08-30,5.98,6.18,6.24,5.96,-3.8585,8807823.47
2024-09-02,5.94,5.9,6.0,5.88,-0.6689,5682401.73
2024-09-03,5.76,5.93,5.95,5.68,-3.0303,6486401.29
2024-09-04,5.71,5.72,5.78,5.66,-0.8681,3923314.35
2024-09-05,5.63,5.7,5.73,5.6,-1.4011,3835307.75
2024-09-06,5.64,5.63,5.73,5.62,0.1776,2906968.12
2024-09-09,5.61,5.63,5.65,5.51,-0.5319,2821267.04
2024-09-10,5.67,5.61,5.72,5.6,1.0695,3683432.32
2024-09-11,5.54,5.66,5.67,5.5,-2.2928,3597633.84
2024-09-12,5.54,5.51,5.56,5.45,0.0,2868535.63
2024-09-13,5.56,5.54,5.58,5.52,0.361,2340486.96
2024-09-18,5.68,5.57,5.68,5.57,2.1583,2468394.04
2024-09-19,5.65,5.69,5.71,5.58,-0.5282,2809968.06
2024-09-20,5.67,5.66,5.69,5.62,0.354,2828323.21
2024-09-23,5.72,5.66,5.74,5.62,0.8818,2270376.87
2024-09-24,6.0,5.75,6.0,5.73,4.8951,6052048.99
2024-09-25,6.04,6.09,6.22,5.97,0.6667,6298208.29
2024-09-26,6.2,6.04,6.21,6.0,2.649,5216743.73
2024-09-27,6.01,6.25,6.34,5.92,-3.0645,6872092.71
2024-09-30,6.18,6.01,6.31,5.83,2.8286,16161741.83
2024-10-08,6.12,6.5,6.66,6.04,-0.9709,16882261.72
2024-10-09,6.04,6.06,6.17,5.98,-1.3072,10090717.81
2024-10-10,6.27,6.05,6.4,6.04,3.8079,10915281.47
2024-10-11,6.27,6.25,6.39,6.2,0.0,5299528.28
2024-10-14,6.47,6.32,6.5,6.32,3.1898,7899211.18
2024-10-15,6.26,6.43,6.45,6.26,-3.2457,4927691.57
2024-10-16,6.36,6.23,6.4,6.22,1.5974,4146145.8
2024-10-17,6.29,6.35,6.4,6.29,-1.1006,3280813.17
2024-10-18,6.32,6.29,6.36,6.21,0.4769,5144521.81
2024-10-21,6.16,6.29,6.29,6.14,-2.5316,5684649.07
2024-10-22,6.14,6.17,6.21,6.11,-0.3247,4312714.79
2024-10-23,6.14,6.14,6.16,6.11,0.0,3068544.79
2024-10-24,6.16,6.13,6.2,6.12,0.3257,2887894.77
2024-10-25,6.12,6.15,6.17,6.1,-0.6494,2845289.99
2024-10-28,6.07,6.11,6.11,6.03,-0.817,3295363.71
2024-10-29,6.06,6.07,6.11,6.05,-0.1647,2938607.04
2024-10-30,6.01,6.05,6.08,6.0,-0.8251,3054120.04
2024-10-31,6.04,6.04,6.1,6.01,0.4992,3052879.98
2024-11-01,6.15,6.04,6.15,6.03,1.8212,4512379.25
2024-11-04,6.13,6.15,6.15,6.05,-0.3252,3180604.58
2024-11-05,6.15,6.1,6.15,6.09,0.3263,3125107.81
2024-11-06,6.09,6.13,6.15,6.07,-0.9756,3450231.15
2024-11-07,6.15,6.08,6.15,6.06,0.9852,3794487.63
2024-11-08,6.11,6.15,6.17,6.1,-0.6504,3300424.36
2024-11-11,6.04,6.08,6.09,6.02,-1.1457,3987301.71
2024-11-12,6.0,6.04,6.07,6.0,-0.6623,3292741.55
2024-11-13,6.04,6.0,6.07,5.98,0.6667,3438857.92
2024-11-14,6.07,6.03,6.1,6.01,0.4967,3735264.84
2024-11-15,6.05,6.06,6.11,6.03,-0.3295,3845232.75
2024-11-18,6.19,6.08,6.24,6.07,2.314,6932424.8
2024-11-19,6.15,6.18,6.22,6.07,-0.6462,4294987.1
2024-11-20,6.14,6.13,6.18,6.12,-0.1626,2682420.57
2024-11-21,6.13,6.13,6.15,6.11,-0.1629,1809107.03
2024-11-22,6.05,6.14,6.15,6.05,-1.3051,2978202.81
2024-11-25,6.07,6.06,6.13,6.05,0.3306,2903722.07
2024-11-26,6.16,6.07,6.18,6.05,1.4827,3300041.49
2024-11-27,6.2,6.15,6.22,6.14,0.6494,2883173.76
2024-11-28,6.19,6.19,6.22,6.15,-0.1613,2018400.11
2024-11-29,6.15,6.19,6.23,6.14,-0.6462,2906465.13
2024-12-02,6.13,6.16,6.16,6.1,-0.3252,2417479.89
2024-12-03,6.21,6.13,6.21,6.12,1.3051,3385172.03
2024-12-04,6.26,6.21,6.28,6.17,0.8052,3572315.31
2024-12-05,6.26,6.25,6.33,6.23,0.0,2645283.22
2024-12-06,6.32,6.26,6.34,6.25,0.9585,3119630.37
2024-12-09,6.32,6.3,6.37,6.28,0.0,3127432.96
2024-12-10,6.42,6.35,6.45,6.33,1.5823,4372946.05
2024-12-11,6.31,6.4,6.45,6.3,-1.7134,3870003.36
2024-12-12,6.42,6.32,6.42,6.31,1.7433,2901844.74
2024-12-13,6.39,6.4,6.45,6.36,-0.4673,3890984.41
2024-12-16,6.53,6.39,6.58,6.38,2.1909,4715725.94
2024-12-17,6.51,6.52,6.59,6.51,-0.3063,3138477.22
2024-12-18,6.59,6.54,6.65,6.53,1.2289,3489424.53
2024-12-19,6.49,6.57,6.61,6.48,-1.5175,3615285.11
2024-12-20,6.53,6.5,6.61,6.5,0.6163,3765488.42
2024-12-23,6.7,6.53,6.76,6.53,2.6034,4871100.27
2024-12-24,6.78,6.71,6.79,6.65,1.194,4641473.68
2024-12-25,6.94,6.77,7.04,6.76,2.3599,6360901.32
2024-12-26,6.93,6.94,6.94,6.79,-0.1441,4872522.64
2024-12-27,6.92,6.89,6.94,6.76,-0.1443,5107040.6
2024-12-30,6.95,6.88,7.0,6.87,0.4335,4823303.17
2024-12-31,6.92,6.94,7.03,6.9,-0.4317,5209801.74
2025-01-02,6.8,6.91,6.98,6.76,-1.7341,5314824.65
2025-01-03,6.71,6.81,6.83,6.62,-1.3235,5210739.86
2025-01-06,6.75,6.71,6.78,6.59,0.5961,4742246.52
2025-01-07,6.69,6.61,6.71,6.56,1.2103,3820217.77
2025-01-08,6.76,6.69,6.84,6.67,1.0463,3996842.84
2025-01-09,6.71,6.76,6.77,6.66,-0.7396,2367234.19
2025-01-10,6.67,6.72,6.74,6.6,-0.5961,2620257.88
2025-01-13,6.6,6.66,6.67,6.49,-1.0495,3306032.82
2025-01-14,6.61,6.59,6.65,6.56,0.1515,3418852.64
2025-01-15,6.63,6.6,6.73,6.58,0.3026,3075982.74
2025-01-16,6.68,6.64,6.69,6.57,0.7541,2674681.38
2025-01-17,6.61,6.67,6.7,6.6,-1.0479,2781346.35
2025-01-20,6.57,6.62,6.63,6.56,-0.6051,2273622.56
2025-01-21,6.55,6.58,6.61,6.52,-0.3044,2157435.37
2025-01-22,6.44,6.54,6.56,6.4,-1.6794,4111693.63
2025-01-23,6.66,6.48,6.69,6.48,3.4161,5446820.03
2025-01-24,6.67,6.67,6.72,6.57,0.1502,3282052.11
2025-01-27,6.82,6.68,6.85,6.68,2.2489,3718662.19
2025-02-05,6.69,6.82,6.84,6.68,-1.9062,3305406.17
2025-02-06,6.69,6.7,6.76,6.65,0.0,2644237.25
2025-02-07,6.69,6.67,6.69,6.61,0.0,3676439.0
2025-02-10,6.67,6.66,6.74,6.64,-0.299,3119268.33
2025-02-11,6.82,6.68,6.82,6.68,2.2489,3941954.1
2025-02-12,6.9,6.81,6.92,6.73,1.173,3257811.48
2025-02-13,6.96,6.89,6.99,6.87,0.8696,2945244.26
2025-02-14,6.99,6.96,7.0,6.9,0.431,2531577.91
2025-02-17,6.96,6.98,7.0,6.91,-0.4292,2713460.03
2025-02-18,7.09,6.95,7.14,6.94,1.8678,3975121.35
2025-02-19,7.05,7.08,7.12,7.03,-0.5642,3220723.43
2025-02-20,7.08,7.04,7.09,7.0,0.4255,2513266.56
2025-02-21,6.93,7.06,7.07,6.91,-2.1186,5772098.0
2025-02-24,6.89,6.9,6.94,6.82,-0.5772,4373309.85
2025-02-25,6.86,6.89,6.93,6.83,-0.4354,3139844.75
2025-02-26,6.88,6.86,6.94,6.84,0.2915,3293700.1
2025-02-27,6.93,6.86,6.95,6.76,0.7267,4391902.34
2025-02-28,6.87,6.9,6.98,6.87,-0.8658,4315896.2
2025-03-03,6.85,6.87,6.89,6.78,-0.2911,3964019.25
2025-03-04,6.78,6.82,6.84,6.78,-1.0219,3436561.71
2025-03-05,6.87,6.77,6.9,6.73,1.3274,4599123.6
2025-03-06,6.83,6.85,6.86,6.79,-0.5822,3656712.05
2025-03-07,6.8,6.83,6.85,6.79,-0.4392,3223755.78
2025-03-10,6.74,6.79,6.8,6.72,-0.8824,3242116.47
2025-03-11,6.78,6.72,6.78,6.72,0.5935,2680002.41
2025-03-12,6.72,6.76,6.77,6.7,-0.885,3177702.18
2025-03-13,6.73,6.72,6.77,6.7,0.1488,2572950.17
2025-03-14,6.75,6.72,6.81,6.72,0.2972,4890721.29
2025-03-17,6.81,6.75,6.83,6.74,0.8889,3586198.28
2025-03-18,6.8,6.83,6.84,6.77,-0.1468,2369528.1
2025-03-19,6.87,6.81,6.88,6.8,1.0294,3032694.2
2025-03-20,6.84,6.87,6.92,6.81,-0.4367,3008452.41
2025-03-21,6.76,6.82,6.85,6.75,-1.1696,3087991.23
2025-03-24,6.82,6.76,6.85,6.76,0.8876,3060401.69
2025-03-25,6.85,6.83,6.87,6.81,0.4399,2318056.72
2025-03-26,6.83,6.86,6.88,6.81,-0.292,2337800.88
2025-03-27,6.87,6.82,6.89,6.82,0.5857,2580278.1
2025-03-28,6.88,6.86,6.88,6.83,0.1456,2128381.48
2025-03-31,6.89,6.88,6.94,6.8,0.1453,4071337.79
2025-04-01,6.8,6.87,6.9,6.78,-1.3062,4284291.19
2025-04-02,6.85,6.79,6.86,6.78,0.7353,3099744.34
2025-04-03,6.89,6.82,6.9,6.82,0.5839,3061668.81
2025-04-07,6.76,6.8,6.82,6.6,-1.8868,8491567.26
2025-04-08,6.82,6.7,6.84,6.68,0.8876,6712678.31
2025-04-09,6.8,6.79,6.89,6.74,-0.2933,5661687.7
2025-04-10,6.75,6.8,6.8,6.73,-0.7353,4013375.08
2025-04-11,6.8,6.76,6.8,6.72,0.7407,3475544.77
2025-04-14,6.87,6.78,6.9,6.77,1.0294,4394042.22
2025-04-15,6.96,6.87,6.97,6.86,1.31,3841790.13
2025-04-16,7.06,6.96,7.06,6.93,1.4368,4132402.27
2025-04-17,7.05,7.05,7.08,6.96,-0.1416,2639188.35
2025-04-18,7.14,7.04,7.17,7.03,1.2766,3884345.3
2025-04-21,7.05,7.13,7.25,7.05,-1.2605,3742983.83
2025-04-22,7.15,7.05,7.16,7.04,1.4184,2997870.96
2025-04-23,7.11,7.14,7.17,7.07,-0.5594,2569772.81
2025-04-24,7.24,7.09,7.29,7.09,1.8284,3576108.7
2025-04-25,7.21,7.25,7.31,7.17,-0.4144,2326019.76
2025-04-28,7.29,7.22,7.34,7.22,1.1096,2853765.8
2025-04-29,7.27,7.3,7.33,7.24,-0.2743,2179737.89
2025-04-30,7.01,7.22,7.23,6.97,-3.5763,6449971.31
2025-05-06,6.98,7.01,7.03,6.93,-0.428,3663740.62
2025-05-07,7.11,7.01,7.11,6.97,1.8625,4336456.24
2025-05-08,7.11,7.09,7.17,7.08,0.0,2837120.76
2025-05-09,7.17,7.1,7.23,7.1,0.8439,3121965.48
2025-05-12,7.16,7.15,7.18,7.11,-0.1395,2702769.88
2025-05-13,7.23,7.16,7.25,7.12,0.9777,2767459.46
2025-05-14,7.23,7.23,7.28,7.2,0.0,2868697.06
2025-05-15,7.27,7.23,7.29,7.22,0.5533,2702620.63
2025-05-16,7.16,7.26,7.3,7.12,-1.5131,3935141.31
2025-05-19,7.12,7.16,7.2,7.11,-0.5587,2566690.58
2025-05-20,7.13,7.14,7.16,7.1,0.1404,1976912.46
2025-05-21,7.14,7.13,7.19,7.11,0.1403,2540712.78
2025-05-22,7.12,7.15,7.16,7.1,-0.2801,2940759.11
2025-05-23,7.08,7.12,7.15,7.07,-0.5618,3169188.22
2025-05-26,7.05,7.08,7.1,7.03,-0.4237,2876449.99
2025-05-27,7.06,7.05,7.09,7.04,0.1418,1825202.33
2025-05-28,7.05,7.06,7.08,7.02,-0.1416,1710175.46
2025-05-29,7.04,7.05,7.07,7.02,-0.1418,1934698.56
2025-05-30,7.07,7.05,7.12,7.02,0.4261,3467599.35
2025-06-03,7.11,7.05,7.13,7.04,0.5658,2728118.11
2025-06-04,7.08,7.11,7.12,7.06,-0.4219,2118975.5
2025-06-05,7.09,7.08,7.12,7.07,0.1412,2255742.17
2025-06-06,7.1,7.1,7.12,7.07,0.141,1870299.62
2025-06-09,7.08,7.1,7.11,7.04,-0.2817,2913684.55
2025-06-10,7.1,7.08,7.19,7.07,0.2825,4161322.02
2025-06-11,7.12,7.1,7.15,7.09,0.2817,2247733.72
2025-06-12,7.11,7.12,7.13,7.09,-0.1404,2318336.35
2025-06-13,7.09,7.11,7.13,7.08,-0.2813,2808948.07
2025-06-16,7.14,7.08,7.14,7.02,0.7052,2786039.77
2025-06-17,7.17,7.13,7.17,7.12,0.4202,2279382.64
2025-06-18,7.25,7.17,7.25,7.16,1.1158,3321322.52
2025-06-19,7.3,7.24,7.3,7.2,0.6897,2841779.66
2025-06-20,7.37,7.29,7.38,7.28,0.9589,3106927.74
2025-06-23,7.52,7.36,7.56,7.33,2.0353,3897378.15
2025-06-24,7.63,7.51,7.64,7.5,1.4628,3560199.0
2025-06-25,7.67,7.61,7.71,7.52,0.5242,3495451.55
2025-06-26,7.72,7.66,7.75,7.62,0.6519,2931890.14
2025-06-27,7.5,7.72,7.76,7.48,-2.8497,4820511.41
2025-06-30,7.59,7.48,7.61,7.42,1.2,3061472.45
2025-07-01,7.66,7.59,7.74,7.58,0.9223,2683319.21
2025-07-02,7.68,7.68,7.71,7.65,0.2611,2068290.92
2025-07-03,7.64,7.68,7.72,7.6,-0.5208,2256541.26
2025-07-04,7.75,7.64,7.78,7.63,1.4398,2890571.41
2025-07-07,7.73,7.74,7.77,7.7,-0.2581,1948834.25
2025-07-08,7.76,7.73,7.78,7.7,0.3881,1983420.24
2025-07-09,7.85,7.76,7.93,7.75,1.1598,2898275.66
2025-07-10,8.08,7.87,8.13,7.87,2.9299,5870466.49
2025-07-11,8.01,8.12,8.36,8.01,-0.8663,8885955.67
2025-07-14,7.84,7.9,7.98,7.84,-0.1274,4706935.07
2025-07-15,7.8,7.86,7.88,7.76,-0.5102,3186881.1
2025-07-16,7.8,7.77,7.8,7.7,0.0,3524987.73
2025-07-17,7.75,7.79,7.81,7.72,-0.641,2793216.72
2025-07-18,7.77,7.74,7.82,7.7,0.2581,2727850.06
2025-07-21,7.7,7.76,7.77,7.67,-0.9009,3135465.93
2025-07-22,7.6,7.67,7.68,7.56,-1.2987,4778345.17
2025-07-23,7.65,7.59,7.73,7.56,0.6579,4891056.37
2025-07-24,7.55,7.65,7.67,7.53,-1.3072,4623948.3
2025-07-25,7.49,7.53,7.58,7.48,-0.7947,3308917.47
2025-07-28,7.49,7.49,7.54,7.46,0.0,2734226.83
2025-07-29,7.43,7.49,7.52,7.43,-0.8011,2922719.28
2025-07-30,7.49,7.43,7.55,7.4,0.8075,3907271.11
2025-07-31,7.56,7.49,7.59,7.42,0.9346,4809696.17
2025-08-01,7.62,7.56,7.67,7.48,0.7937,5145899.6
2025-08-04,7.68,7.63,7.78,7.62,0.7874,4482750.76
2025-08-05,7.76,7.68,7.76,7.63,1.0417,3403182.1
2025-08-06,7.76,7.75,7.8,7.71,0.0,2967782.13
2025-08-07,7.84,7.75,7.87,7.7,1.0309,3789820.97
2025-08-08,7.79,7.84,7.9,7.77,-0.6378,2739257.73
2025-08-11,7.7,7.78,7.8,7.68,-1.1553,3368392.16
2025-08-12,7.78,7.69,7.81,7.67,1.039,3183980.82
2025-08-13,7.7,7.77,7.82,7.7,-1.0283,3360196.75
2025-08-14,7.69,7.7,7.76,7.67,-0.1299,2834872.82
2025-08-15,7.55,7.7,7.72,7.48,-1.8205,6480057.87
2025-08-18,7.53,7.51,7.54,7.46,-0.2649,4072372.49
2025-08-19,7.57,7.53,7.6,7.51,0.5312,3385247.03
2025-08-20,7.57,7.58,7.62,7.56,0.0,3315205.86
2025-08-21,7.6,7.57,7.62,7.51,0.3963,3443027.53
2025-08-22,7.63,7.6,7.63,7.53,0.3947,3837727.89
2025-08-25,7.59,7.6,7.61,7.55,-0.5242,4131598.05
2025-08-26,7.55,7.58,7.62,7.54,-0.527,2998328.27
2025-08-27,7.41,7.54,7.54,7.41,-1.8543,5157247.51
2025-08-28,7.38,7.41,7.44,7.32,-0.4049,4654688.87
2025-08-29,7.43,7.38,7.53,7.38,0.6775,5196151.0
2025-09-01,7.38,7.43,7.45,7.36,-0.6729,3845435.84
2025-09-02,7.57,7.37,7.57,7.35,2.5745,7690652.13
2025-09-03,7.44,7.57,7.58,7.42,-1.7173,4919771.33
2025-09-04,7.54,7.4,7.6,7.26,1.3441,8760059.36
2025-09-05,7.44,7.52,7.54,7.4,-1.3263,4417093.09
2025-09-08,7.4,7.41,7.44,7.37,-0.5376,3542760.19
2025-09-09,7.43,7.39,7.46,7.38,0.4054,2662793.92
2025-09-10,7.47,7.44,7.48,7.38,0.5384,2886560.44
2025-09-11,7.51,7.46,7.58,7.39,0.5355,5415158.55
2025-09-12,7.48,7.49,7.54,7.45,-0.3995,2992824.63
2025-09-15,7.43,7.45,7.51,7.4,-0.6684,3295819.21
2025-09-16,7.45,7.41,7.49,7.41,0.2692,2893476.14
2025-09-17,7.46,7.42,7.46,7.4,0.1342,2475841.86
2025-09-18,7.29,7.45,7.46,7.28,-2.2788,5297807.17
2025-09-19,7.2,7.28,7.28,7.12,-1.2346,4807097.54
2025-09-22,7.18,7.2,7.25,7.15,-0.2778,2750891.2
2025-09-23,7.4,7.16,7.41,7.13,3.0641,6288256.04
2025-09-24,7.47,7.39,7.53,7.37,0.9459,5142069.19
2025-09-25,7.38,7.44,7.46,7.31,-1.2048,3237228.4
2025-09-26,7.41,7.35,7.43,7.3,0.4065,2733592.98
2025-09-29,7.33,7.38,7.4,7.26,-1.0796,4050039.33
2025-09-30,7.3,7.31,7.33,7.26,-0.4093,2445676.27
2025-10-09,7.31,7.25,7.32,7.2,0.137,2977410.76
2025-10-10,7.31,7.29,7.36,7.28,0.0,3048696.89
2025-10-13,7.27,7.32,7.36,7.23,-0.5472,3957386.05
2025-10-14,7.5,7.26,7.5,7.22,3.1637,6938781.4
2025-10-15,7.46,7.47,7.54,7.42,-0.5333,4075993.19
2025-10-16,7.63,7.43,7.65,7.43,2.2788,4956233.45
2025-10-17,7.62,7.63,7.72,7.57,-0.1311,4087002.46
2025-10-20,7.61,7.59,7.65,7.47,-0.1312,3919785.93
2025-10-21,7.64,7.58,7.65,7.54,0.3942,3441139.24
2025-10-22,7.76,7.63,7.79,7.62,1.5707,3815865.56
2025-10-23,7.84,7.76,7.89,7.71,1.0309,4326614.32
2025-10-24,7.84,7.8,7.89,7.76,0.0,3263623.33
2025-10-27,7.91,7.8,7.94,7.74,0.8929,3919946.77
2025-10-28,7.99,7.9,8.02,7.85,1.0114,3320408.17
2025-10-29,7.83,7.98,7.99,7.8,-2.0025,3683044.39
2025-10-30,7.84,7.83,7.9,7.78,0.1277,2787161.26
2025-10-31,7.78,7.87,7.87,7.67,-0.7653,3693253.24
2025-11-03,7.9,7.79,7.94,7.78,1.5424,3420734.24
2025-11-04,8.13,7.89,8.14,7.89,2.9114,4410976.05
2025-11-05,8.14,8.17,8.21,8.09,0.123,3941536.3
2025-11-06,8.09,8.12,8.15,8.06,-0.6143,3009758.0
2025-11-07,8.05,8.09,8.16,8.02,-0.4944,2801613.58
2025-11-10,8.12,8.02,8.13,7.98,0.8696,2232913.15
2025-11-11,8.16,8.1,8.17,8.07,0.4926,1917401.04
2025-11-12,8.19,8.16,8.32,8.15,0.3676,3592897.95
2025-11-13,8.21,8.21,8.24,8.08,0.2442,2901379.15
2025-11-14,8.25,8.23,8.38,8.22,0.4872,3063351.29
2025-11-17,8.17,8.25,8.26,8.11,-0.9697,2582768.1
2025-11-18,8.2,8.14,8.25,8.11,0.3672,2175959.65
2025-11-19,8.23,8.2,8.32,8.17,0.3659,2344283.13
2025-11-20,8.27,8.21,8.4,8.18,0.486,3594877.46
2025-11-21,8.25,8.28,8.38,8.22,-0.2418,4644446.66
2025-11-24,8.2,8.2,8.26,8.12,-0.6061,3489190.16
2025-11-25,8.31,8.18,8.32,8.13,1.3415,3055429.94
2025-11-26,8.16,8.31,8.38,8.15,-1.8051,3310419.56
2025-11-27,8.16,8.15,8.19,8.06,0.0,2344122.23
2025-11-28,8.11,8.15,8.17,8.08,-0.6127,2084015.67
2025-12-01,8.09,8.05,8.11,8.02,-0.2466,2652608.63
2025-12-02,8.09,8.09,8.12,8.02,0.0,2145189.91
2025-12-03,8.05,8.06,8.15,8.03,-0.4944,2212584.9
2025-12-04,8.05,8.07,8.09,8.02,0.0,1491011.62
2025-12-05,7.99,8.04,8.1,7.95,-0.7453,2461472.54
2025-12-08,7.99,7.99,8.04,7.95,0.0,2130820.15
2025-12-09,8.1,8.01,8.15,7.98,1.3767,2654901.03
2025-12-10,7.94,8.09,8.12,7.92,-1.9753,3084175.6
2025-12-11,8.0,7.95,8.0,7.9,0.7557,2621759.52
2025-12-12,7.97,7.97,7.98,7.84,-0.375,5191105.33
2025-12-15,7.81,7.82,7.86,7.77,-0.2554,2509712.65
2025-12-16,7.79,7.81,7.83,7.73,-0.2561,1934388.93
2025-12-17,7.81,7.78,7.87,7.75,0.2567,2206861.17
2025-12-18,7.99,7.81,8.0,7.79,2.3047,2417484.13
2025-12-19,7.88,7.96,7.98,7.86,-1.3767,2355882.26
2025-12-22,7.89,7.86,7.91,7.83,0.1269,1668915.34
2025-12-23,7.92,7.89,7.95,7.87,0.3802,2000569.54
2025-12-24,7.91,7.92,7.96,7.88,-0.1263,1736670.76
2025-12-25,7.86,7.9,7.91,7.83,-0.6321,1655190.23
2025-12-26,7.81,7.84,7.86,7.79,-0.6361,1500697.3
2025-12-29,7.87,7.81,7.9,7.77,0.7682,2706386.11
2025-12-30,7.85,7.84,7.87,7.79,-0.2541,2087546.43
2025-12-31,7.93,7.83,7.96,7.83,1.0191,2866527.75
2026-01-05,7.82,7.91,7.94,7.76,-1.3871,4254144.68
2026-01-06,7.8,7.81,7.81,7.76,-0.2558,2595770.11
2026-01-07,7.75,7.78,7.79,7.7,-0.641,3297895.79
2026-01-08,7.69,7.74,7.74,7.65,-0.7742,2919139.67
2026-01-09,7.71,7.69,7.72,7.64,0.2601,2410929.86
2026-01-12,7.74,7.7,7.77,7.65,0.3891,2923852.21
2026-01-13,7.81,7.75,7.85,7.74,0.9044,3651925.09
2026-01-14,7.69,7.79,7.79,7.68,-1.5365,3901382.94
2026-01-15,7.68,7.68,7.74,7.66,-0.13,2870266.79
2026-01-16,7.61,7.67,7.68,7.58,-0.9115,3406706.36
2026-01-19,7.53,7.6,7.63,7.5,-1.0512,3290640.04
2026-01-20,7.54,7.52,7.57,7.5,0.1328,3028862.81
2026-01-21,7.35,7.53,7.56,7.34,-2.5199,4745207.55
2026-01-22,7.27,7.35,7.38,7.25,-1.0884,3880673.94
2026-01-23,7.21,7.27,7.29,7.17,-0.8253,3770134.09
2026-01-26,7.24,7.19,7.32,7.15,0.4161,4550565.72
2026-01-27,7.23,7.24,7.37,7.21,-0.1381,4698080.53
2026-01-28,7.2,7.21,7.29,7.16,-0.4149,4564563.22
2026-01-29,7.26,7.19,7.3,7.16,0.8333,4380996.07
2026-01-30,7.25,7.27,7.39,7.22,-0.1377,4607413.81
2026-02-02,7.32,7.26,7.39,7.25,0.9655,5411791.08
2026-02-03,7.18,7.3,7.31,7.15,-1.9126,4492107.85
2026-02-04,7.24,7.18,7.29,7.17,0.8357,3084843.94
2026-02-05,7.3,7.25,7.32,7.23,0.8287,3101575.13
2026-02-06,7.26,7.31,7.35,7.22,-0.5479,2514601.24
2026-02-09,7.28,7.25,7.29,7.21,0.2755,2032530.25
2026-02-10,7.3,7.28,7.34,7.26,0.2747,1948047.63
2026-02-11,7.29,7.32,7.32,7.27,-0.137,1388031.18
2026-02-12,7.18,7.29,7.3,7.17,-1.5089,3530836.8
2026-02-13,7.11,7.19,7.2,7.11,-0.9749,3173925.08
2026-02-24,7.06,7.13,7.15,7.05,-0.7032,2966280.2
2026-02-25,7.05,7.06,7.07,7.03,-0.1416,2192894.28
2026-02-26,6.96,7.06,7.07,6.93,-1.2766,3678152.71
2026-02-27,6.92,6.94,6.95,6.91,-0.5747,2439315.26
2026-03-02,6.96,6.9,6.99,6.85,0.578,3738087.28
2026-03-03,7.12,6.95,7.15,6.91,2.2989,5707116.79
2026-03-04,7.08,7.1,7.12,7.01,-0.5618,3788680.61
2026-03-05,7.11,7.04,7.14,7.03,0.4237,2642049.18
2026-03-06,7.11,7.11,7.18,7.07,0.0,2162797.34
2026-03-09,7.1,7.08,7.18,7.07,-0.1406,3340480.67
2026-03-10,7.04,7.08,7.09,7.02,-0.8451,2713751.99
2026-03-11,7.12,7.04,7.12,7.02,1.1364,2376946.18
2026-03-12,7.16,7.12,7.17,7.09,0.5618,2523397.48
2026-03-13,7.2,7.16,7.22,7.11,0.5587,3033501.93
2026-03-16,7.25,7.2,7.3,7.18,0.6944,3068282.68
2026-03-17,7.39,7.25,7.4,7.24,1.931,3644572.86
2026-03-18,7.39,7.39,7.46,7.33,0.0,3794730.38
2026-03-19,7.53,7.36,7.55,7.35,1.8945,5606763.94
2026-03-20,7.5,7.53,7.61,7.48,-0.3984,3912454.36
2026-03-23,7.25,7.48,7.48,7.2,-3.3333,5023229.37
2026-03-24,7.32,7.26,7.39,7.25,0.9655,3767729.07
2026-03-25,7.34,7.33,7.35,7.19,0.2732,3375945.44
2026-03-26,7.42,7.31,7.44,7.3,1.0899,2634707.56
2026-03-27,7.4,7.41,7.47,7.37,-0.2695,2790675.65
2026-03-30,7.57,7.37,7.58,7.36,2.2973,3715875.75
2026-03-31,7.64,7.57,7.69,7.55,0.9247,3914735.36
2026-04-01,7.58,7.6,7.71,7.54,-0.7853,3308703.74
2026-04-02,7.63,7.57,7.69,7.56,0.6596,2757482.82
2026-04-03,7.5,7.62,7.64,7.48,-1.7038,2452990.29
2026-04-07,7.4,7.51,7.52,7.36,-1.3333,2415504.2
2026-04-08,7.32,7.37,7.38,7.2,-1.0811,4532728.19
2026-04-09,7.33,7.32,7.35,7.26,0.1366,2530525.41
2026-04-10,7.31,7.31,7.34,7.28,-0.2729,1992448.99
2026-04-13,7.37,7.31,7.39,7.27,0.8208,2292809.48
2026-04-14,7.46,7.35,7.48,7.33,1.2212,2225026.81
2026-04-15,7.5,7.45,7.52,7.42,0.5362,2239976.32
2026-04-16,7.46,7.5,7.54,7.43,-0.5333,2276142.43
2026-04-17,7.44,7.45,7.49,7.43,-0.2681,1621135.54
2026-04-20,7.57,7.44,7.57,7.42,1.7473,2394024.42
2026-04-21,7.62,7.57,7.68,7.57,0.6605,2489229.62
2026-04-22,7.52,7.62,7.64,7.49,-1.3123,2208445.27
2026-04-23,7.58,7.52,7.59,7.48,0.7979,2332548.85
2026-04-24,7.58,7.58,7.61,7.5,0.0,2047533.87
2026-04-27,7.51,7.55,7.62,7.49,-0.9235,2149827.36
2026-04-28,7.53,7.49,7.54,7.47,0.2663,1678944.72
2026-04-29,7.47,7.51,7.54,7.44,-0.7968,2671385.58
2026-04-30,7.45,7.46,7.51,7.42,-0.2677,3022371.13
2026-05-06,7.36,7.45,7.45,7.31,-1.2081,3826815.85
2026-05-07,7.39,7.36,7.46,7.32,0.4076,3371547.66
2026-05-08,7.46,7.41,7.49,7.41,0.9472,2436904.84
2026-05-11,7.47,7.46,7.49,7.4,0.134,2870900.06
2026-05-12,7.48,7.48,7.54,7.46,0.1339,2793222.38
2026-05-13,7.23,7.34,7.34,7.22,-1.0944,3635365.68
2026-05-14,7.3,7.23,7.35,7.19,0.9682,3615451.24
2026-05-15,7.24,7.29,7.34,7.23,-0.8219,2758049.26
2026-05-18,7.19,7.24,7.25,7.16,-0.6906,2343903.44
2026-05-19,7.26,7.19,7.3,7.18,0.9736,2643583.59
2026-05-20,7.13,7.26,7.27,7.13,-1.7906,2727837.22
2026-05-21,7.15,7.13,7.2,7.08,0.2805,2713869.4
2026-05-22,7.18,7.13,7.22,7.12,0.4196,2315000.99
2026-05-25,7.17,7.17,7.23,7.15,-0.1393,1921661.48
2026-05-26,7.18,7.17,7.22,7.15,0.1395,2148991.3
2026-05-27,7.12,7.18,7.23,7.11,-0.8357,2735621.81
2026-05-28,7.04,7.11,7.15,7.02,-1.1236,2780002.08
2026-05-29,7.22,7.03,7.22,6.99,2.5568,3893594.19
2026-06-01,7.3,7.2,7.32,7.18,1.108,3411346.23
2026-06-02,7.34,7.3,7.41,7.29,0.5479,3164271.36
2026-06-03,7.28,7.33,7.34,7.24,-0.8174,2444607.68
2026-06-04,7.23,7.3,7.34,7.22,-0.6868,2079564.41
2026-06-05,7.34,7.24,7.35,7.24,1.5214,2789481.41
2026-06-08,7.5,7.38,7.53,7.31,2.1798,5806645.65
2026-06-09,7.54,7.46,7.65,7.46,0.5333,5397051.21
2026-06-10,7.69,7.57,7.71,7.54,1.9894,4115243.76
2026-06-11,7.66,7.71,7.75,7.6,-0.3901,2855259.4
2026-06-12,7.78,7.59,7.78,7.52,1.5666,4238546.59
2026-06-15,7.57,7.75,7.75,7.53,-2.6992,4507062.02
2026-06-16,7.42,7.53,7.54,7.38,-1.9815,3720566.69
2026-06-17,7.36,7.42,7.48,7.32,-0.8086,2933753.35
2026-06-18,7.16,7.34,7.35,7.15,-2.7174,4509667.46
2026-06-22,7.2,7.13,7.25,7.08,0.5587,4265014.8
2026-06-23,7.38,7.21,7.41,7.21,2.5,5380893.32
2026-06-24,7.22,7.4,7.46,7.2,-2.168,4162052.46
2026-06-25,7.19,7.14,7.31,7.13,-0.4155,3562880.35
2026-06-26,7.15,7.24,7.25,7.14,-0.5563,3523581.14
2026-06-29,7.22,7.12,7.27,7.05,0.979,4290053.85
2026-06-30,7.07,7.18,7.21,7.03,-2.0776,4721322.86
2026-07-01,7.06,7.05,7.09,7.0,-0.1414,3287996.23
2026-07-02,7.05,7.03,7.14,7.0,-0.1416,3584757.22
2026-07-03,7.04,7.03,7.08,7.0,-0.1418,3040722.57
2026-07-06,7.12,7.02,7.12,6.95,1.1364,3782693.76
