date,close,pct_change,main_net_inflow,main_net_pct,big_net_inflow,super_big_net_inflow,medium_net_inflow,small_net_inflow,ticker
20230627,,0.0,80275100.0,0.0,273818400.0,93014700.0,65915600.00000005,-432748700.0,688629
20230628,,0.0,-36954100.0,0.0,-19709600.000000026,6013100.000000004,16103100.00000005,-2406599.9999999986,688629
20230629,,0.0,54855000.0,0.0,30228899.999999993,7566299.999999992,-12345300.000000061,-25450000.0,688629
20230630,,0.0,7297000.0,0.0,-25828100.000000015,3082699.9999999953,1240800.0000000175,21504599.999999993,688629
20230703,,0.0,52105800.0,0.0,15616100.000000006,-13642299.999999998,7708500.000000021,-9682399.99999998,688629
20230704,,0.0,-84635900.0,0.0,-31112300.000000034,6281100.000000006,10600300.000000024,14230799.999999981,688629
20230705,,0.0,-106394200.0,0.0,-26102999.999999993,-2949300.000000003,-181300.0000000102,29233500.000000022,688629
20230706,,0.0,68009400.0,0.0,-10524000.000000015,1730799.9999999993,7100499.999999993,1692700.0000000044,688629
20230707,,0.0,-49467800.0,0.0,-49503599.999999985,-6955400.000000004,20625000.0,35833900.000000015,688629
20230710,,0.0,-37795900.0,0.0,-5080700.0000000065,5403799.999999999,5881899.999999987,-6204899.999999998,688629
20230711,,0.0,48506000.0,0.0,3067099.999999991,4358400.000000002,-26867099.999999993,19441700.00000002,688629
20230712,,0.0,-42829300.0,0.0,-24778699.99999999,-29869100.0,4032199.9999999753,50615599.99999999,688629
20230713,,0.0,-43287700.00000001,0.0,-2299099.9999999986,9735600.000000002,-34417799.999999985,26981199.99999999,688629
20230714,,0.0,-57113600.0,0.0,-7966800.000000003,-11884699.999999998,8215600.000000013,11635900.000000002,688629
20230717,,0.0,-58968300.0,0.0,-2482000.0000000075,-10456900.0,13014200.0,-75300.00000000655,688629
20230718,,0.0,-49097100.0,0.0,-13861400.000000013,-7171099.999999999,22816900.000000004,-1784400.0000000051,688629
20230719,,0.0,10464300.0,0.0,35174899.999999985,8982200.0,2197199.9999999935,-46354399.999999985,688629
20230720,,0.0,-21048200.0,0.0,-21136699.999999993,-2503099.9999999995,5107500.0,18532399.999999996,688629
20230721,,0.0,-22590700.0,0.0,-14470400.0,992999.9999999999,9600300.000000007,3877100.0000000005,688629
20230724,,0.0,-1263800.0,0.0,3649000.000000001,-3446300.0,4106000.0000000037,-4308800.000000001,688629
20230725,,0.0,-16642000.0,0.0,7546700.000000001,1943899.9999999998,6013000.000000002,-15503599.999999996,688629
20230726,,0.0,-14563900.000000002,0.0,-12695600.0,-8021100.0,202500.0,20514200.0,688629
20230727,,0.0,9205200.0,0.0,-3220799.999999999,2066100.0000000002,10136499.999999996,-8981700.0,688629
20230728,,0.0,-21981700.0,0.0,-4675999.999999999,-2774899.9999999995,5916300.000000001,1534499.9999999981,688629
20230731,,0.0,-6794800.0,0.0,2047699.9999999998,979799.9999999999,3300300.0000000065,-6327700.000000005,688629
20230801,,0.0,10021400.0,0.0,10350299.999999998,4088100.0,-1715999.9999999856,-12722500.0,688629
20230802,,0.0,-10718100.0,0.0,-783099.9999999994,-794700.0000000002,5597800.0000000065,-4019899.9999999977,688629
20230803,,0.0,25600.0,0.0,8030999.999999999,5324000.0,-5545899.999999993,-7809100.000000003,688629
20230804,,0.0,30840700.0,0.0,-2967699.9999999953,6876200.000000001,585100.0000000022,-4493700.000000008,688629
20230807,,0.0,259300.0,0.0,-2646000.0000000037,-315699.99999999936,-5044300.000000003,8005799.999999999,688629
20230808,,0.0,-13067800.0,0.0,-16364799.999999996,-2156000.0,-2404499.999999998,20925200.000000004,688629
20230809,,0.0,-28898200.0,0.0,-4584800.0,-5913300.0,8655699.999999996,1842299.9999999956,688629
20230810,,0.0,3685200.0,0.0,-2745599.9999999995,-2276700.0,-4730600.000000004,9752900.0,688629
20230811,,0.0,-18275400.0,0.0,-3684400.0000000005,-2902600.0,-4160399.9999999995,10747400.000000002,688629
20230814,,0.0,5080500.0,0.0,-3785900.0000000014,745000.0,4115100.0000000023,-1074200.0000000007,688629
20230815,,0.0,-16996400.0,0.0,160799.99999999927,13383100.0,6435999.999999994,-19979800.000000004,688629
20230816,,0.0,-1904600.0,0.0,-5545400.0,-3669000.0000000005,3219799.999999996,5994600.0,688629
20230817,,0.0,37848200.0,0.0,-12393699.999999998,485300.0,4860199.999999995,7048099.999999995,688629
20230818,,0.0,12709400.0,0.0,4439399.999999987,4481400.000000001,-23230000.0,14309300.000000004,688629
20230821,,0.0,29090100.000000004,0.0,-9993899.999999994,-5833199.999999999,1431199.9999999988,14395900.000000002,688629
20230822,,0.0,-19255100.0,0.0,-4993399.999999993,-3974300.0,3165500.000000002,5802299.999999995,688629
20230823,,0.0,-51438500.0,0.0,-405500.0000000018,1010800.0,7463399.999999993,-8068600.000000006,688629
20230824,,0.0,-5948000.0,0.0,878900.000000001,-516200.0,-1180500.0000000019,817799.9999999974,688629
20230825,,0.0,-33086100.0,0.0,-14847100.0,-5775600.000000001,4500799.999999999,16121999.999999998,688629
20230828,,0.0,-28811600.0,0.0,-21029200.0,54321300.00000001,-22258099.999999996,-11033899.999999994,688629
20230829,,0.0,-7224800.0,0.0,-49134699.99999999,-19907700.0,27222099.999999993,41820300.00000001,688629
20230830,,0.0,36871700.0,0.0,-12243999.999999996,-3356800.0000000005,3663000.0000000107,11937800.000000007,688629
20230831,,0.0,8150900.0,0.0,-16810199.999999996,-3645200.000000001,487399.9999999978,19967999.999999993,688629
20230901,,0.0,-12636700.0,0.0,4245499.999999997,-10811400.000000002,-4442299.999999995,11008200.000000006,688629
20230904,,0.0,1976200.0,0.0,2827600.0,931500.0,1333199.9999999972,-5092300.000000005,688629
20230905,,0.0,15002500.0,0.0,-2311700.000000001,-2441200.0000000005,5128300.000000018,-375400.00000000873,688629
20230906,,0.0,-10786300.000000002,0.0,-3025099.9999999977,957400.0000000001,519400.0000000051,1548200.0000000063,688629
20230907,,0.0,-5959100.0,0.0,-7327300.0,-4276000.0,-2355199.9999999953,13958400.000000002,688629
20230908,,0.0,12195500.0,0.0,10103599.999999996,2637500.0,2844200.000000001,-15585300.000000007,688629
20230911,,0.0,-11641000.0,0.0,3880200.0,-184399.99999999997,-1814700.0000000026,-1880900.0000000014,688629
20230912,,0.0,-7503200.000000001,0.0,-83699.99999999891,-2861400.0,-1184899.999999998,4130100.0000000023,688629
20230913,,0.0,1122700.0,0.0,-11776000.0,-6221600.0,6574099.999999998,11423599.999999996,688629
20230914,,0.0,-12173100.0,0.0,-1400.0000000010004,-1876600.0000000002,-774299.9999999984,2652199.999999998,688629
20230915,,0.0,-291400.0,0.0,-241200.00000000006,-1768000.0,4153500.0000000014,-2144299.999999998,688629
20230918,,0.0,-13588300.0,0.0,-2240999.9999999995,0.0,3263099.9999999995,-1021999.9999999981,688629
20230919,,0.0,-4935900.0,0.0,760800.0000000005,0.0,2166099.999999999,-2926900.0000000005,688629
20230920,,0.0,3839700.0000000005,0.0,2491700.000000001,1408699.9999999998,4558800.000000001,-8459200.0,688629
20230921,,0.0,-3481500.0,0.0,777100.0000000003,-10600.0,2856400.0000000033,-3622800.000000002,688629
20230922,,0.0,20595700.0,0.0,4138600.0000000014,0.0,6495199.999999995,-10633900.000000004,688629
20230925,,0.0,-12333400.0,0.0,-604300.0000000006,-2360700.0,8821300.000000002,-5856399.999999994,688629
20230926,,0.0,-7690100.0,0.0,-4429200.000000001,-1145300.0,554200.0000000007,5020400.0,688629
20230927,,0.0,-10588800.000000002,0.0,-172799.99999999974,-1177600.0,-1665599.9999999995,3015999.999999999,688629
20230928,,0.0,4032300.0,0.0,1082399.9999999995,0.0,-2283399.999999999,1201099.9999999967,688629
20231009,,0.0,1971900.0,0.0,-2826599.9999999995,0.0,2165599.9999999995,660999.9999999991,688629
20231010,,0.0,10444700.0,0.0,2396100.0000000014,932200.0,-4021900.0000000005,693600.0000000013,688629
20231011,,0.0,-953000.0,0.0,-1036400.000000001,-199399.99999999997,321500.00000000093,914299.9999999984,688629
20231012,,0.0,-10384000.0,0.0,356100.0000000001,0.0,1356400.000000001,-1712500.0,688629
20231013,,0.0,601100.0,0.0,443500.00000000023,107100.00000000007,-915700.0000000016,365099.9999999976,688629
20231016,,0.0,15035300.0,0.0,5749300.000000003,47575000.0,-28667600.000000004,-24656700.0,688629
20231017,,0.0,13122800.0,0.0,-7957800.0000000065,5931800.000000003,23857199.999999974,-21831099.99999999,688629
20231018,,0.0,1330900.0,0.0,31198100.000000015,26561000.0,1540100.0000000205,-59299199.999999985,688629
20231019,,0.0,-67003900.0,0.0,-12459099.999999998,-10269899.999999998,23343400.0,-614300.0000000029,688629
20231020,,0.0,-1717200.0,0.0,-25860400.0,6499.999999998636,-2270799.999999999,28124799.999999996,688629
20231023,,0.0,4250600.0,0.0,6583699.999999999,-1983100.0000000002,6405100.000000002,-11005800.0,688629
20231024,,0.0,14915700.0,0.0,-4514099.999999998,-1907500.0,-5921100.000000006,12342800.000000007,688629
20231025,,0.0,-5679000.0,0.0,21045100.000000004,-3144000.0,8974099.999999998,-26875200.000000004,688629
20231026,,0.0,-26402399.999999996,0.0,-18635699.999999996,-1531000.0000000014,-67000.00000000728,20233700.000000007,688629
20231027,,0.0,-15921199.999999998,0.0,-2445000.0,2287600.0000000005,-9566599.999999989,9723999.999999996,688629
20231030,,0.0,-12461099.999999998,0.0,4769700.000000003,-675600.0000000006,7180199.999999995,-11274300.000000011,688629
20231031,,0.0,-25609400.0,0.0,-6149400.000000001,7941100.0,-232599.99999999307,-1559200.0000000007,688629
20231101,,0.0,-22379800.0,0.0,-2867999.9999999995,-435600.0,4940799.999999994,-1637300.0000000002,688629
20231102,,0.0,-11149400.0,0.0,-7957200.0,93999.99999999977,2330399.9999999995,5532699.999999995,688629
20231103,,0.0,10904700.0,0.0,4521600.000000001,1989900.0,-6954200.000000006,442600.0000000022,688629
20231106,,0.0,-1486200.0,0.0,-576099.999999999,-6268000.000000001,-1276499.9999999963,8120799.999999999,688629
20231107,,0.0,39057900.0,0.0,19402500.0,-7456700.0,12912100.00000001,-24857800.000000007,688629
20231108,,0.0,-22045400.0,0.0,-7746300.000000001,-3121100.0,740100.0000000022,10127399.999999998,688629
20231109,,0.0,-24600200.0,0.0,-19875899.999999996,4972200.0,5215000.0,9688699.999999998,688629
20231110,,0.0,5368700.0,0.0,3734699.999999998,2158000.0,1763999.9999999963,-7656800.000000003,688629
20231113,,0.0,3911300.0,0.0,1000799.9999999993,-352799.9999999997,-1657299.9999999956,1009300.0000000029,688629
20231114,,0.0,-17537300.0,0.0,-3610299.9999999995,-1486699.9999999995,-2045200.0000000044,7142300.0,688629
20231115,,0.0,7190200.0,0.0,9550299.999999998,133400.00000000032,-5490599.999999995,-4193099.999999995,688629
20231116,,0.0,47303500.0,0.0,1122100.0000000005,-2321400.0,-220500.0000000109,1419800.0000000047,688629
20231117,,0.0,-18959800.0,0.0,-2089899.999999998,-2011500.0,4356800.000000003,-255500.0000000018,688629
20231120,,0.0,1572900.0,0.0,-5878700.000000001,-209600.00000000035,-1488199.9999999972,7576400.000000004,688629
20231121,,0.0,-14912200.0,0.0,-12554400.0,-634300.0000000001,-2105700.000000006,15294399.999999996,688629
20231122,,0.0,-2751200.0,0.0,-1480399.9999999995,-2569700.0000000005,435699.9999999971,3614400.0000000005,688629
20231123,,0.0,12916099.999999998,0.0,-481200.00000000116,-4061600.0000000005,772200.0000000026,3770599.9999999995,688629
20231124,,0.0,748400.0,0.0,-2434199.9999999995,-1404800.0,996599.9999999986,2842500.0,688629
20231127,,0.0,-2980100.0,0.0,1524200.0000000002,0.0,48300.00000000154,-1572500.0,688629
20231128,,0.0,22171500.0,0.0,-6478599.999999999,1967900.0,598299.9999999993,3912299.999999996,688629
20231129,,0.0,-5133500.0,0.0,-2267300.0,-1159900.0,-2363700.0000000014,5790699.999999997,688629
20231130,,0.0,1456800.0,0.0,2105500.0000000005,896900.0,2847100.0000000005,-5849600.0,688629
20231201,,0.0,139000.0,0.0,-477900.00000000076,592099.9999999999,469599.9999999958,-583699.999999999,688629
20231204,,0.0,-3725800.0,0.0,2483299.999999999,-4723500.0,-724699.999999998,2964800.0,688629
20231205,,0.0,-7623600.0,0.0,-4917500.0,-787299.9999999999,-6918000.000000002,12622700.000000004,688629
20231206,,0.0,-12850400.0,0.0,-202400.0000000001,2659900.0,-3411699.9999999986,954200.0000000007,688629
20231207,,0.0,-4200400.0,0.0,2686800.0000000005,472499.9999999999,-3019000.000000001,-140399.99999999965,688629
20231208,,0.0,47751200.0,0.0,-2734199.9999999986,-3448600.0,-2176599.9999999986,8359499.999999998,688629
20231211,,0.0,-9872600.0,0.0,-737500.0,1037300.0,2565000.0,-2864699.999999998,688629
20231212,,0.0,-5350700.000000001,0.0,1408099.9999999995,256700.00000000003,3771300.000000001,-5436100.000000001,688629
20231213,,0.0,-508300.0,0.0,-439600.00000000035,-107500.0,-976299.9999999988,1523399.999999999,688629
20231214,,0.0,-13256600.0,0.0,1907799.9999999998,0.0,132200.00000000026,-2039899.999999998,688629
20231215,,0.0,-8924600.0,0.0,452699.9999999998,0.0,-582400.0000000001,129600.00000000036,688629
20231218,,0.0,-3305500.0,0.0,-1105100.0000000002,-4800.0,-197899.99999999965,1307899.9999999995,688629
20231219,,0.0,6451900.000000001,0.0,-535900.0,0.0,-473300.0000000016,1009099.9999999986,688629
20231220,,0.0,-4840400.0,0.0,-115000.0,0.0,-1393800.0000000012,1508899.9999999988,688629
20231221,,0.0,-4279800.0,0.0,333100.0000000006,0.0,-4338200.000000002,4005099.9999999977,688629
20231222,,0.0,-4428300.0,0.0,-4374299.999999999,79900.00000000009,-21800.000000000637,4316399.999999999,688629
20231225,,0.0,319100.0,0.0,226800.00000000006,-1201500.0,-4198999.999999999,5173600.000000001,688629
20231226,,0.0,1402900.0,0.0,-2111100.0,-1042900.0000000001,-2716800.0000000005,5870699.999999999,688629
20231227,,0.0,-26435400.0,0.0,10841199.999999998,0.0,11081500.0,-21922699.999999996,688629
20231228,,0.0,-4639600.0,0.0,456999.9999999993,0.0,-4926900.000000001,4469899.999999998,688629
20231229,,0.0,-115500.0,0.0,298700.00000000006,0.0,-2882999.9999999995,2584299.999999998,688629
20240102,,0.0,-21540800.0,0.0,3100500.0,328499.99999999994,1436600.000000001,-4865599.999999999,688629
20240103,,0.0,-12132300.0,0.0,501499.99999999977,3468300.0,-1752600.0,-2217100.0000000005,688629
20240104,,0.0,2718500.0,0.0,3895399.9999999995,-156899.99999999997,-957799.9999999998,-2780699.999999997,688629
20240105,,0.0,-13503200.0,0.0,115299.99999999972,-311900.0,1575199.9999999974,-1378699.9999999988,688629
20240108,,0.0,-4189900.0,0.0,-2126100.0,0.0,-503199.99999999936,2629299.999999998,688629
20240109,,0.0,-3592799.9999999995,0.0,-2055999.999999999,0.0,-1085399.9999999974,3141500.000000001,688629
20240110,,0.0,7492200.0,0.0,-3047300.0,-1074400.0000000002,-3537999.9999999995,7659700.000000003,688629
20240111,,0.0,8617000.0,0.0,-1486200.0,1813000.0,-5090300.000000002,4763400.000000002,688629
20240112,,0.0,-9232800.0,0.0,-1067200.0000000002,1987600.0,1131899.9999999984,-2052300.0000000002,688629
20240115,,0.0,3331700.0,0.0,-3739299.9999999995,0.0,2660799.999999999,1078400.0000000014,688629
20240116,,0.0,179600.0,0.0,-495699.99999999994,-2733200.0,1302699.9999999998,1926199.9999999988,688629
20240117,,0.0,-3470299.9999999995,0.0,-884400.0,-1640100.0,1188499.999999999,1336000.0000000037,688629
20240118,,0.0,-984599.9999999999,0.0,566500.0000000003,0.0,2221899.999999998,-2788299.999999999,688629
20240119,,0.0,-973500.0,0.0,420299.9999999997,-1784000.0,-2627400.0,3991200.0000000033,688629
20240122,,0.0,-7433400.0,0.0,-1815299.9999999998,-769400.0,1419700.0000000002,1165000.0,688629
20240123,,0.0,3275200.0,0.0,-1516100.0000000002,-314899.99999999994,2239800.0,-408800.0000000011,688629
20240124,,0.0,-5342400.0,0.0,-3226200.0,-307099.99999999994,1526200.0000000012,2006999.9999999981,688629
20240125,,0.0,3540700.0,0.0,2273500.0000000014,-3073000.0,1782899.9999999995,-983400.0000000014,688629
20240126,,0.0,-13655100.0,0.0,9450300.0,1395900.0,5588800.000000001,-16435000.0,688629
20240129,,0.0,766100.0,0.0,-1713699.9999999988,2232300.0,9474100.000000004,-9992700.000000004,688629
20240130,,0.0,-5465400.0,0.0,-4632800.0,-1094700.0,11265200.000000004,-5537600.000000002,688629
20240131,,0.0,-15886400.000000002,0.0,-227500.0,1138800.0,5471100.000000001,-6382299.999999995,688629
20240201,,0.0,21400.0,0.0,-1772100.0000000005,-830800.0000000001,9032200.000000002,-6429400.000000005,688629
20240202,,0.0,-38766500.0,0.0,5679299.999999998,-118899.99999999987,9083699.999999998,-14644099.999999998,688629
20240205,,0.0,-11652300.0,0.0,3102799.9999999995,-1626999.9999999995,-2906000.0000000037,1430399.9999999995,688629
20240206,,0.0,-3341100.0,0.0,4810699.999999999,84900.0,-212899.99999999965,-4682699.999999995,688629
20240207,,0.0,-5265300.0,0.0,6103199.999999999,121200.00000000004,-2979899.9999999977,-3244499.999999998,688629
20240208,,0.0,30507399.999999996,0.0,-3981700.000000001,2926600.0000000005,-15725599.999999994,16780599.999999996,688629
20240219,,0.0,23590900.0,0.0,-742100.0000000003,-512800.0,-8378100.000000004,9632900.0,688629
20240220,,0.0,-7179299.999999999,0.0,-3541400.000000001,1368999.9999999998,5072000.000000003,-2899600.0000000005,688629
20240221,,0.0,2019600.0,0.0,1365000.0,-234700.00000000012,-202500.0,-927699.9999999998,688629
20240222,,0.0,24805700.0,0.0,-2799099.9999999986,-5490999.999999999,-970500.0000000019,9260699.999999996,688629
20240223,,0.0,-13974700.0,0.0,4779699.999999998,1466700.0000000007,5875799.999999999,-12122199.999999993,688629
20240226,,0.0,10192100.0,0.0,11013999.999999996,-2345400.000000001,-5815700.0000000065,-2852899.9999999995,688629
20240227,,0.0,5841799.999999999,0.0,-8119399.999999996,-83200.0000000005,-2803599.9999999967,11006100.000000006,688629
20240228,,0.0,-61566600.0,0.0,6395599.999999995,10268999.999999998,-3222399.9999999977,-13442099.99999999,688629
20240229,,0.0,3328100.0,0.0,3647300.0,121800.00000000007,-86399.99999999418,-3682700.0,688629
20240301,,0.0,4412500.0,0.0,-7801799.999999998,-984400.0000000002,-2184400.000000005,10970599.999999994,688629
20240304,,0.0,20706600.0,0.0,451199.9999999989,6658199.999999999,-13454800.000000006,6345400.0,688629
20240305,,0.0,-22368700.0,0.0,-17830700.0,-137699.99999999983,-881999.9999999981,18850299.999999996,688629
20240306,,0.0,-6139700.0,0.0,-1923400.0000000014,-2755500.0,3027999.999999997,1650700.0000000016,688629
20240307,,0.0,-3044700.0000000005,0.0,-4635699.999999999,-1843100.0,-129100.00000000309,6607799.999999997,688629
20240308,,0.0,-2649700.0000000005,0.0,3295200.0,0.0,-186999.9999999982,-3108199.9999999995,688629
20240311,,0.0,-3244800.0,0.0,210099.9999999999,-10400.000000000204,995100.0000000022,-1194800.0000000002,688629
20240312,,0.0,-21751700.0,0.0,929300.0000000029,190900.00000000032,-631500.0000000009,-488700.00000000343,688629
20240313,,0.0,-334000.0,0.0,1382300.0000000002,-18699200.0,4053600.0000000014,13263200.000000002,688629
20240314,,0.0,-7248500.0,0.0,-2719400.0000000005,1051000.0,-3416600.000000001,5085000.0,688629
20240315,,0.0,19871500.0,0.0,-1634300.0000000007,-979100.0,210400.0000000042,2403100.000000004,688629
20240318,,0.0,18431500.0,0.0,-5636500.000000001,3792700.0,3262600.0000000023,-1418699.9999999988,688629
20240319,,0.0,-27084000.0,0.0,12777800.000000007,42554200.0,-22528300.0,-32803800.0,688629
20240320,,0.0,-46006300.0,0.0,-3075100.0000000205,-5027900.0,27750900.0,-19647900.000000007,688629
20240321,,0.0,-42417600.0,0.0,6857099.999999992,-6025699.999999997,1239599.9999999912,-2071099.9999999877,688629
20240322,,0.0,49029100.0,0.0,19929200.00000002,13223200.000000002,-5697800.000000025,-27454599.999999993,688629
20240325,,0.0,-58921500.0,0.0,-18507000.000000007,-16298700.000000002,11504600.00000001,23301100.000000007,688629
20240326,,0.0,-22950900.0,0.0,-9450299.999999989,6843599.999999999,1165700.0000000154,1441000.0000000037,688629
20240327,,0.0,-44777800.0,0.0,-13511799.999999994,1866199.9999999988,5114899.999999998,6530599.999999995,688629
20240328,,0.0,35495100.0,0.0,2305000.0,-9618300.0,-3707599.999999984,11020900.000000002,688629
20240329,,0.0,-27542700.0,0.0,100900.00000000146,108700.00000000004,1754400.0000000051,-1963900.0000000033,688629
20240401,,0.0,12631700.0,0.0,-7307600.000000002,3593800.0,1175900.0000000014,2537799.9999999884,688629
20240402,,0.0,-15580000.0,0.0,-7341999.999999998,-10342200.0,-925100.0000000022,18609200.0,688629
20240403,,0.0,7565200.0,0.0,-21477600.000000004,-2744399.9999999995,-2219300.000000003,26441299.999999993,688629
20240408,,0.0,-20719600.0,0.0,-3312700.0,1124600.0,10299.999999997453,2177699.9999999953,688629
20240409,,0.0,-9663300.0,0.0,560099.9999999999,1324300.0,9356900.000000006,-11241300.000000002,688629
20240410,,0.0,-4156000.0,0.0,-4397599.999999997,-4815000.0,-659299.9999999984,9871899.999999996,688629
20240411,,0.0,-3962300.0,0.0,-1630599.9999999995,-2044500.0,2925299.9999999977,749699.999999998,688629
20240412,,0.0,21152300.0,0.0,4112800.0000000065,4536000.0,-3134499.9999999893,-5514400.000000005,688629
20240415,,0.0,-30017100.0,0.0,2458699.999999999,134399.99999999997,-62000.000000007276,-2531099.9999999967,688629
20240416,,0.0,-25382800.000000004,0.0,-9049300.000000004,2459200.0,451799.99999999383,6138299.999999999,688629
20240417,,0.0,7794500.0,0.0,7593199.999999997,4160699.9999999995,-16666499.999999996,4912600.000000002,688629
20240418,,0.0,-13224000.0,0.0,6511900.000000005,4719299.999999999,5666199.99999999,-16897299.999999996,688629
20240419,,0.0,-37026800.0,0.0,-1775000.0,-3222100.0000000005,5134499.999999998,-137300.00000000471,688629
20240422,,0.0,23235000.0,0.0,2758499.999999999,-7816200.000000001,-3292799.9999999977,8350600.000000004,688629
20240423,,0.0,46886300.0,0.0,-16958800.0,-2910200.0,-996300.000000001,20865400.0,688629
20240424,,0.0,34471000.0,0.0,-1839799.9999999956,-2601200.0,1906800.0000000028,2534200.000000001,688629
20240425,,0.0,-14594200.0,0.0,-15788199.999999996,-3536300.0,-744300.0000000029,20068700.0,688629
20240426,,0.0,37624100.0,0.0,-3315199.9999999953,-8031200.000000001,4878800.00000001,6467500.0,688629
20240429,,0.0,-8415300.0,0.0,-3726999.999999998,-1205600.0,18230699.999999996,-13298199.999999989,688629
20240430,,0.0,9030500.0,0.0,1883800.0000000012,-5986700.0,13406700.0,-9303900.000000004,688629
20240506,,0.0,-28841400.0,0.0,21724600.0,7659100.000000001,17290999.999999996,-46674700.0,688629
20240507,,0.0,-13519700.0,0.0,-998599.9999999967,-4323799.999999999,7305199.999999995,-1982700.0000000044,688629
20240508,,0.0,2591600.0000000005,0.0,-17100.000000000364,-4499000.0,15578300.0,-11062299.999999996,688629
20240509,,0.0,-29598400.0,0.0,2121700.000000001,0.0,4781799.9999999935,-6903499.999999994,688629
20240510,,0.0,11135600.0,0.0,-16534400.0,-1944800.0000000002,1777600.000000002,16701700.0,688629
20240513,,0.0,5303400.0,0.0,-3362599.9999999977,-2470300.0,10615100.000000002,-4782199.9999999935,688629
20240514,,0.0,-7600500.0,0.0,4490200.0,-2641900.0,2248200.000000006,-4096400.0000000033,688629
20240515,,0.0,-18877100.0,0.0,-2301199.999999999,7954800.0,1844200.0000000007,-7497799.999999997,688629
20240516,,0.0,11061300.000000002,0.0,7336200.000000008,4272200.0,10035900.000000002,-21644300.000000004,688629
20240517,,0.0,34381100.0,0.0,8495599.999999994,-3269200.000000001,6239200.000000001,-11465599.999999994,688629
20240520,,0.0,-23141300.0,0.0,352799.99999999744,11314400.0,1769300.0000000028,-13436599.999999998,688629
20240521,,0.0,-29974800.0,0.0,3658299.999999999,8829100.0,-4093699.999999999,-8393800.000000002,688629
20240522,,0.0,30555800.0,0.0,-298199.9999999971,7281599.999999998,-2551599.9999999986,-4431800.000000003,688629
20240523,,0.0,32022700.0,0.0,21481199.99999999,-4458999.999999999,-3529299.9999999846,-13492900.00000001,688629
20240524,,0.0,-103883900.0,0.0,-28367900.000000007,50549600.00000001,5004900.000000016,-27186700.0,688629
20240527,,0.0,-29504400.0,0.0,-31958899.999999993,-28225600.000000004,25646800.000000004,34537700.00000001,688629
20240528,,0.0,-64701300.0,0.0,-26039100.0,14247500.0,-5978099.999999995,17769799.999999996,688629
20240529,,0.0,-21367000.0,0.0,-5511399.999999999,-1652600.0,-2977600.0000000023,10141599.999999998,688629
20240530,,0.0,-22974600.0,0.0,6622700.0,3785399.9999999995,-10173000.000000002,-235199.99999999529,688629
20240531,,0.0,12853200.0,0.0,1465900.0000000014,-9710900.0,8129899.999999998,114899.99999999782,688629
20240603,,0.0,16946000.0,0.0,-2216899.999999996,1259300.0,3449500.0000000075,-2491800.000000003,688629
20240604,,0.0,-40869000.0,0.0,-14842500.0,7208900.000000001,-7881700.000000001,15515300.000000007,688629
20240605,,0.0,-11060000.0,0.0,5879800.000000003,194499.99999999988,-3655200.000000004,-2418899.9999999944,688629
20240606,,0.0,-11357300.0,0.0,944500.0000000027,-17899.99999999992,18199.99999999709,-944799.9999999956,688629
20240607,,0.0,-21965500.0,0.0,195199.99999999983,4302900.0,-8814200.0,4315999.999999994,688629
20240611,,0.0,18466600.0,0.0,-694300.0000000029,-9561499.999999998,-2637899.9999999995,12893700.000000004,688629
20240612,,0.0,16726800.0,0.0,-750399.9999999997,-6818000.000000001,1096199.9999999988,6472000.000000007,688629
20240613,,0.0,-4651000.0,0.0,2348299.999999999,2534299.9999999995,-1159899.999999998,-3722800.0000000065,688629
20240614,,0.0,11737200.0,0.0,2705500.000000002,-4012700.0,3084799.999999996,-1777600.000000002,688629
20240617,,0.0,-55366400.0,0.0,-11018700.000000007,5334700.0,-2837099.999999991,8521100.000000006,688629
20240618,,0.0,68840300.0,0.0,6437399.999999998,-17539200.0,9663500.000000004,1438299.9999999993,688629
20240619,,0.0,-28642900.0,0.0,-7756600.000000003,4228300.0,2685000.0,843400.0000000014,688629
20240620,,0.0,-13738500.0,0.0,9994200.0,-3851899.9999999995,-7922600.000000002,1780299.9999999974,688629
20240621,,0.0,4161000.0,0.0,-1258500.0000000037,2011800.0,-5371500.000000006,4618199.999999997,688629
20240624,,0.0,3903600.0,0.0,-4291000.000000004,-4076200.0,-8252000.000000003,16619099.999999998,688629
20240625,,0.0,6381799.999999999,0.0,335100.0000000022,-7886099.999999999,-6141799.999999998,13692699.999999994,688629
20240626,,0.0,-1472700.0,0.0,2432899.9999999995,-1310900.0,-5147599.999999997,4025600.000000004,688629
20240627,,0.0,7101100.0,0.0,5540900.000000002,10902700.0,-10094200.0,-6349400.000000005,688629
20240628,,0.0,47109399.99999999,0.0,-12256499.999999996,-870999.9999999991,-13692399.999999998,26820000.0,688629
20240701,,0.0,24158000.0,0.0,524600.0000000003,-2269700.0000000005,-4334099.999999998,6079200.000000001,688629
20240702,,0.0,-6276700.0,0.0,-6894899.999999998,-15969900.0,-8145100.000000002,31009900.000000007,688629
20240703,,0.0,-4776600.0,0.0,-4864500.0,-2801699.9999999995,-11239000.0,18905199.999999996,688629
20240704,,0.0,-11167200.0,0.0,4403800.000000001,0.0,-494600.00000000035,-3909199.9999999963,688629
20240705,,0.0,5404800.0,0.0,4924699.999999998,450999.99999999994,1295000.0,-6670500.000000002,688629
20240708,,0.0,-8165500.0,0.0,1087300.0000000002,-708999.9999999998,1438600.0000000012,-1816799.9999999984,688629
20240709,,0.0,64632900.0,0.0,-2170399.9999999995,-9287300.0,-2860200.000000004,14317800.000000007,688629
20240710,,0.0,-25652600.000000004,0.0,3121800.000000003,-7411999.999999999,4963800.000000001,-673600.0000000058,688629
20240711,,0.0,7180100.0,0.0,-1412500.0,-1163100.0,6143299.999999999,-3567700.000000004,688629
20240712,,0.0,19495900.0,0.0,-4675500.000000002,-12007099.999999998,20348999.999999996,-3666399.9999999944,688629
20240715,,0.0,21031900.0,0.0,-19593799.999999993,-10894800.000000002,19532700.000000004,10955900.000000002,688629
20240716,,0.0,148128600.0,0.0,-48345800.000000015,-948800.000000001,8464500.000000007,40830100.0,688629
20240717,,0.0,-5076100.0,0.0,-28379800.000000015,-7733799.999999999,8710400.00000001,27403200.000000015,688629
20240718,,0.0,-12089000.0,0.0,-6790000.0,3156900.0,-3064299.9999999846,6697300.000000014,688629
20240719,,0.0,22357300.0,0.0,1921900.0000000051,-808099.9999999994,-16326599.999999998,15212800.000000007,688629
20240722,,0.0,2906300.0,0.0,-16189200.0,7788200.000000002,2244499.9999999893,6156599.999999998,688629
20240723,,0.0,-15500500.0,0.0,8277299.999999995,-11910700.000000002,11075400.00000001,-7442200.000000003,688629
20240724,,0.0,117364000.0,0.0,-31331000.000000004,33499.99999999909,11876700.0,19420699.999999996,688629
20240725,,0.0,-35534600.0,0.0,5839700.000000003,-9732000.0,5393699.99999999,-1501399.9999999942,688629
20240726,,0.0,-5487200.0,0.0,13406100.000000002,-558199.9999999999,-706800.0000000029,-12140999.999999994,688629
20240729,,0.0,46100800.0,0.0,-26104800.000000004,2563499.999999999,11476100.000000006,12065199.999999994,688629
20240730,,0.0,-8700000.0,0.0,-4554399.999999996,4915400.0,2159500.0000000075,-2520399.9999999907,688629
20240731,,0.0,49148500.0,0.0,-22924900.000000007,-3452099.999999999,8320100.000000002,18056800.000000004,688629
20240801,,0.0,-30803500.0,0.0,4573800.000000001,3435700.0,-7567500.0,-441999.9999999982,688629
20240802,,0.0,-46157400.0,0.0,1278600.0000000058,-5849000.000000001,4623500.000000004,-53099.99999999491,688629
20240805,,0.0,-59312000.0,0.0,-8404399.999999996,-6112100.0,-5786399.999999994,20303100.000000004,688629
20240806,,0.0,-7231100.0,0.0,-1911900.0000000005,-3404399.9999999995,295700.00000000617,5020600.000000004,688629
20240807,,0.0,-548300.0,0.0,2527400.0,1924800.0,-1667699.9999999953,-2784400.0000000005,688629
20240808,,0.0,3750000.0,0.0,-1927999.9999999995,-582899.9999999999,752899.9999999997,1758100.000000004,688629
20240809,,0.0,10912200.0,0.0,-2804600.0000000005,4472100.0,701999.9999999981,-2369499.999999998,688629
20240812,,0.0,-5258900.0,0.0,-6909500.0,-3025400.000000001,5471199.999999999,4463599.999999996,688629
20240813,,0.0,-136700.0,0.0,-312400.0000000001,-1001500.0,1358899.9999999988,-45199.99999999982,688629
20240814,,0.0,54511000.0,0.0,10887999.999999993,-5112500.0,650300.0000000065,-6425799.999999999,688629
20240815,,0.0,2678399.9999999995,0.0,5960499.999999993,-3232300.0,7272899.999999991,-10001199.99999999,688629
20240816,,0.0,32532800.000000004,0.0,15233500.000000004,383000.0000000018,-17310200.000000022,1693800.0000000102,688629
20240819,,0.0,-89431299.99999999,0.0,2116399.9999999944,-10841099.999999998,-11391099.999999987,20115699.999999996,688629
20240820,,0.0,-38414800.0,0.0,7046799.999999998,2195300.0,-3737000.0000000075,-5505200.000000005,688629
20240821,,0.0,-12851500.0,0.0,6258200.000000002,0.0,-556299.999999992,-5701899.999999996,688629
20240822,,0.0,-3374100.0000000005,0.0,-843200.0000000016,-1759699.9999999998,4831999.999999998,-2228999.9999999963,688629
20240823,,0.0,5013900.0,0.0,-9376500.0,14852700.0,-103400.00000000146,-5372800.000000002,688629
20240826,,0.0,43572400.0,0.0,596399.9999999987,-12748000.000000002,8809500.000000007,3342100.0000000005,688629
20240827,,0.0,-42156500.0,0.0,3478499.999999999,-3597100.0,-41599.999999998545,160100.00000000218,688629
20240828,,0.0,-35011600.0,0.0,2312200.0000000023,-1318800.0000000012,-1535199.9999999953,541800.0000000029,688629
20240829,,0.0,5869000.0,0.0,-2374500.000000003,2919799.9999999995,-2791599.9999999986,2246199.999999999,688629
20240830,,0.0,-5705800.0,0.0,8648900.000000004,527500.0,494400.0000000051,-9670700.000000006,688629
20240902,,0.0,-64728600.0,0.0,14902500.0,6264499.999999999,10407699.999999994,-31574600.0,688629
20240903,,0.0,-46710900.0,0.0,12711299.999999996,1644400.0,8599900.000000007,-22955500.0,688629
20240904,,0.0,-32923700.0,0.0,6960899.999999997,-4608800.0,2829600.0000000005,-5181800.000000003,688629
20240905,,0.0,-25213800.0,0.0,2375000.0,-7056600.000000001,997200.0000000026,3684499.999999998,688629
20240906,,0.0,-49508000.0,0.0,16640899.999999996,17812900.0,-8903100.000000013,-25550699.999999996,688629
20240909,,0.0,-14805700.0,0.0,-2004100.000000001,741200.0,-6117299.999999995,7380100.000000002,688629
20240910,,0.0,-6673500.0,0.0,12151900.0,-630900.0000000003,-358699.9999999989,-11162299.999999996,688629
20240911,,0.0,-3814700.0000000005,0.0,-1989600.0000000005,241999.99999999988,-3341299.9999999967,5088800.000000001,688629
20240912,,0.0,-14136600.0,0.0,4585300.0,1760900.0,4036000.0000000037,-10382199.999999993,688629
20240913,,0.0,-18141700.0,0.0,-5688599.999999999,-964600.0000000001,-667300.0000000002,7320600.000000004,688629
20240918,,0.0,-2174700.0,0.0,-46100.00000000127,-16730800.0,-2991999.999999998,19768900.000000004,688629
20240919,,0.0,-20519000.0,0.0,3556799.999999998,-2453599.9999999995,-25513800.0,24410599.999999996,688629
20240920,,0.0,31378700.0,0.0,-1384600.0000000005,689400.0,3305399.9999999995,-2610200.000000004,688629
20240923,,0.0,12625800.0,0.0,20353299.999999996,1344300.0,10363400.000000002,-32060900.0,688629
20240924,,0.0,-32151500.0,0.0,2360200.000000004,509599.99999999977,13688100.000000013,-16557899.99999999,688629
20240925,,0.0,-48757400.0,0.0,14816999.999999998,7038499.999999999,3843700.000000008,-25699200.0,688629
20240926,,0.0,29835200.0,0.0,11932299.999999996,48799.999999999956,-633299.9999999993,-11347800.000000007,688629
20240927,,0.0,3668900.0,0.0,-2060299.9999999974,-5693900.0,8384200.000000001,-629899.9999999978,688629
20240930,,0.0,4553900.0,0.0,7040000.000000019,43207199.99999999,-33444400.000000004,-16802800.000000007,688629
20241008,,0.0,6992600.0,0.0,-62232299.99999999,5304499.999999989,47762899.99999997,9165000.0,688629
20241009,,0.0,-9806300.0,0.0,-27117000.000000007,-19608399.999999993,42184500.00000001,4540800.000000018,688629
20241010,,0.0,16119200.0,0.0,-3484899.9999999977,-12931400.000000004,-3819599.999999991,20235800.0,688629
20241011,,0.0,-6365000.0,0.0,-27625300.000000007,-43374200.0,25623700.000000007,45375900.0,688629
20241014,,0.0,45581100.0,0.0,4634400.000000005,11424000.0,-15482200.000000011,-576299.9999999738,688629
20241015,,0.0,54490400.0,0.0,2026399.9999999942,29771600.0,-39404700.000000015,7606800.000000003,688629
20241016,,0.0,-5846400.0,0.0,6701800.000000003,9074899.999999998,15002999.999999993,-30779700.00000001,688629
20241017,,0.0,403640199.99999994,0.0,-53921899.99999995,-11007800.000000024,34487699.99999997,30441899.999999985,688629
20241018,,0.0,71180100.0,0.0,30152900.000000007,-29247799.99999999,91211599.99999996,-92116599.99999996,688629
20241021,,0.0,-142156700.0,0.0,12760500.00000003,-60865300.00000002,74413500.00000006,-26308700.000000026,688629
20241022,,0.0,-136893500.0,0.0,-17772299.99999996,-60139800.000000015,13727799.999999989,64184300.0,688629
20241023,,0.0,1852000.0,0.0,2567600.0000000205,-17816000.000000022,8575500.00000003,6672999.999999993,688629
20241024,,0.0,-55727100.0,0.0,-67537800.00000003,-38785599.99999999,-6001899.999999987,112325300.00000003,688629
20241025,,0.0,-138341800.0,0.0,40145700.0,39234900.0,-14985999.999999985,-64394599.99999999,688629
20241028,,0.0,-38746500.0,0.0,-143300.00000001746,-8014000.000000006,26164700.00000001,-18007399.99999998,688629
20241029,,0.0,-102061200.00000001,0.0,26045400.000000007,15303600.000000006,455599.9999999767,-41804700.000000015,688629
20241030,,0.0,68051100.0,0.0,39399499.99999997,38408600.00000001,5332600.0000000205,-83140600.00000001,688629
20241031,,0.0,-190583200.0,0.0,-2834599.999999991,-24897600.000000004,6008000.000000029,21724300.000000004,688629
20241101,,0.0,-29608900.0,0.0,-53014300.0,-49243300.0,31079100.0,71178400.0,688629
20241104,,0.0,22694300.0,0.0,-10906100.000000006,-19523500.0,15124099.99999998,15305499.999999993,688629
20241105,,0.0,148376200.0,0.0,9467399.99999998,11667500.0,-2187599.999999948,-18947200.00000001,688629
20241106,,0.0,-15803000.0,0.0,-5302200.000000011,-53236700.0,9101099.99999997,49437600.0,688629
20241107,,0.0,-7504299.999999999,0.0,30572700.000000004,-3367899.9999999995,-362799.99999998836,-26841999.99999999,688629
20241108,,0.0,-14759700.0,0.0,6536900.000000023,18214499.99999999,-13380499.999999993,-11371100.000000006,688629
20241111,,0.0,101171200.00000001,0.0,-10049300.000000004,-19015700.000000015,31447599.999999985,-2382599.999999984,688629
20241112,,0.0,-187334500.0,0.0,-3410699.999999997,-73675900.0,32630000.0,44456499.99999998,688629
20241113,,0.0,-15944700.0,0.0,-21329000.000000015,-13511699.999999996,-7163899.999999994,42004500.00000001,688629
20241114,,0.0,-99354000.0,0.0,-12074599.99999999,-13576000.0,-8457799.999999989,34108300.0,688629
20241115,,0.0,-64817400.0,0.0,-14561100.000000006,17429900.000000004,127299.99999999563,-2996100.0000000056,688629
20241118,,0.0,-5231700.0,0.0,-24647999.999999993,-20361499.999999996,5330599.999999995,39678900.000000015,688629
20241119,,0.0,10515400.0,0.0,-16637399.999999998,1082199.999999998,14794200.0,761099.9999999877,688629
20241120,,0.0,-26369400.0,0.0,16679499.999999998,5399899.999999998,-10485100.000000002,-11594300.000000004,688629
20241121,,0.0,123732600.0,0.0,47044700.000000015,26168500.000000004,-20669100.000000034,-52544100.0,688629
20241122,,0.0,-145227800.0,0.0,-16951099.99999997,-12236599.999999998,16798300.00000002,12389500.000000007,688629
20241125,,0.0,-35164100.0,0.0,-15789500.000000007,-13306599.999999998,11921399.999999994,17174600.00000001,688629
20241126,,0.0,-34619900.0,0.0,-24655799.99999999,-13213799.999999998,34625200.00000001,3244399.999999987,688629
20241127,,0.0,12317400.0,0.0,-12838000.000000002,-983099.9999999994,4601000.000000004,9220199.999999994,688629
20241128,,0.0,-10256099.999999998,0.0,1722100.0000000005,3226799.999999998,-1870699.9999999972,-3078200.000000006,688629
20241129,,0.0,5205200.0,0.0,-11438000.000000002,-7234400.000000001,-1970100.000000002,20642399.999999996,688629
20241202,,0.0,28372300.0,0.0,-7221400.000000012,-7195599.999999997,5461199.99999999,8955900.000000002,688629
20241203,,0.0,-22938700.0,0.0,-22277200.000000004,-7691399.999999999,9660100.000000002,20308499.999999996,688629
20241204,,0.0,18082000.0,0.0,180399.99999999054,-12522599.999999998,11134899.999999998,1207399.999999998,688629
20241205,,0.0,12766000.0,0.0,-5164000.000000006,2313600.0000000014,-6537399.999999998,9387799.999999998,688629
20241206,,0.0,42079799.99999999,0.0,-1617600.000000002,-1733299.9999999998,2542899.9999999907,807900.0000000087,688629
20241209,,0.0,-14202700.0,0.0,-5996299.999999992,-9912900.0,14304899.999999998,1604200.0000000007,688629
20241210,,0.0,-18800200.0,0.0,-13100100.000000002,-10675800.000000002,5823099.999999995,17952699.999999985,688629
20241211,,0.0,81815900.0,0.0,-730900.0000000014,12718500.0,2433699.9999999898,-14421299.999999993,688629
20241212,,0.0,-69827700.0,0.0,-9916800.000000004,-15861500.0,30596999.99999999,-4818699.99999999,688629
20241213,,0.0,-55661100.0,0.0,-11142500.0,906599.9999999986,34139600.00000003,-23903699.99999999,688629
20241216,,0.0,-26649800.0,0.0,1046599.9999999986,8366299.999999996,-9525500.000000011,112600.00000000218,688629
20241217,,0.0,-24361300.0,0.0,-31874299.999999993,-14644899.999999998,11512199.999999993,35007000.00000001,688629
20241218,,0.0,-42141899.99999999,0.0,7933800.000000001,-16576100.000000002,-12287099.99999999,20929400.000000004,688629
20241219,,0.0,37618200.0,0.0,7092699.999999995,11996600.0,-29989700.00000001,10900400.00000001,688629
20241220,,0.0,103418900.0,0.0,-26752399.99999998,6381300.000000001,-7975000.0,28346199.99999999,688629
20241223,,0.0,21817000.0,0.0,-8055199.999999968,35421000.0,-43923399.99999996,16557600.00000002,688629
20241224,,0.0,6808099.999999999,0.0,28264200.0,-3040799.999999999,-12964300.000000004,-12259099.999999998,688629
20241225,,0.0,82041900.0,0.0,41677200.000000015,54258400.00000001,-20970600.000000015,-74965000.0,688629
20241226,,0.0,120635200.0,0.0,-18003600.000000007,-16818900.00000001,28161699.99999998,6660699.999999997,688629
20241227,,0.0,-14017000.0,0.0,-27901900.000000022,13065800.0,5376800.000000003,9459200.000000019,688629
20241230,,0.0,-19323900.0,0.0,-49935400.00000001,-55614900.0,10285000.0,95265299.99999999,688629
20241231,,0.0,-69102300.0,0.0,-39806199.99999999,-4834700.000000003,-16299000.000000015,60939900.000000015,688629
20250102,,0.0,-35605500.0,0.0,32177899.99999999,-19584599.999999996,-520000.0,-12073300.0,688629
20250103,,0.0,-52329799.99999999,0.0,11721500.000000006,21485899.999999996,5063599.999999988,-38270900.0,688629
20250106,,0.0,-27852199.999999996,0.0,1040999.9999999991,7263499.999999999,9719899.999999998,-18024400.000000004,688629
20250107,,0.0,42971700.0,0.0,8230699.999999988,-785900.0000000014,11289200.0,-18733999.999999996,688629
20250108,,0.0,-67800600.0,0.0,9979100.000000007,7441499.999999996,1606399.9999999942,-19026900.000000004,688629
20250109,,0.0,9725900.0,0.0,12351299.999999993,14987400.000000002,-11719899.999999998,-15619000.000000015,688629
20250110,,0.0,119823500.0,0.0,5029500.000000007,-2250699.999999997,-41351400.00000003,38572599.999999985,688629
20250113,,0.0,-12955700.0,0.0,24568799.999999974,26085000.0,8770399.999999972,-59424300.0,688629
20250114,,0.0,42272000.0,0.0,5057799.999999989,6232900.0,-13724399.999999987,2433699.9999999898,688629
20250115,,0.0,-47947600.0,0.0,-57271000.0,-17658500.000000004,10735400.00000001,64194099.99999998,688629
20250116,,0.0,27426300.0,0.0,47934799.99999999,33270799.999999996,-18901800.000000004,-62303800.00000001,688629
20250117,,0.0,-23053500.0,0.0,-1066099.9999999877,-682199.9999999935,6254300.000000003,-4506200.000000008,688629
20250120,,0.0,50307900.0,0.0,-23689499.99999999,-30038699.999999993,20884400.000000022,32843799.999999993,688629
20250121,,0.0,71227100.0,0.0,-17655600.000000015,447000.0000000073,-16946399.999999993,34155000.0,688629
20250122,,0.0,29206600.0,0.0,3606300.0000000102,-17002399.999999996,25698899.999999993,-12302599.999999983,688629
20250123,,0.0,-40930200.0,0.0,-3134599.999999991,-26273500.000000004,23660200.000000004,5747999.999999993,688629
20250124,,0.0,73868000.0,0.0,-24131399.999999993,-3182500.0,-25165399.999999974,52479300.0,688629
20250127,,0.0,-92634599.99999999,0.0,25863099.999999996,12188999.999999996,-7155600.000000013,-30896600.0,688629
20250205,,0.0,169681400.0,0.0,5462500.0,24207799.99999999,1407199.999999939,-31077599.999999985,688629
20250206,,0.0,16147900.0,0.0,-13050000.0,-13053899.999999994,32381000.00000006,-6277099.999999992,688629
20250207,,0.0,-6185700.000000001,0.0,49047099.99999999,3947099.999999991,-870000.0,-52124200.00000002,688629
20250210,,0.0,-124490000.0,0.0,-1553300.0000000175,-18288699.99999999,30554599.999999993,-10712600.00000002,688629
20250211,,0.0,-29176000.0,0.0,-51941800.0,-69353600.0,38262299.99999999,83033200.0,688629
20250212,,0.0,-21292500.0,0.0,-5308599.999999969,-1957699.9999999953,3506899.999999987,3759300.000000003,688629
20250213,,0.0,50521100.0,0.0,-23024300.000000004,-89445200.0,48340399.99999997,64129199.999999985,688629
20250214,,0.0,175339199.99999997,0.0,57678899.99999999,2694599.999999991,-12881600.000000035,-47492099.99999999,688629
20250217,,0.0,148588400.0,0.0,14615199.999999968,15345500.000000011,-8142699.999999968,-21818100.000000015,688629
20250218,,0.0,7998900.0,0.0,-45460900.00000004,-36789000.0,-9825899.999999965,92075900.0,688629
20250219,,0.0,22116100.0,0.0,45362500.0,816700.0000000007,-28134600.000000026,-18044600.000000026,688629
20250220,,0.0,-17541800.0,0.0,42630600.00000005,50550700.0,2541500.0000000144,-95722900.00000001,688629
20250221,,0.0,-77377700.0,0.0,-62198799.9999999,164179000.0,-43536100.00000001,-58444199.999999985,688629
20250224,,0.0,183717700.0,0.0,-24972600.000000093,-69038699.99999996,67989000.00000001,26022399.99999998,688629
20250225,,0.0,246090500.0,0.0,-21146299.9999999,-133045700.00000007,71434200.00000013,82757799.99999999,688629
20250226,,0.0,16424200.0,0.0,-69842300.00000003,-79055200.0,33850000.0,115047500.0,688629
20250227,,0.0,237566400.0,0.0,15957100.000000063,-77344800.0,40786600.00000004,20601200.000000026,688629
20250228,,0.0,-315039700.0,0.0,-151739700.0,-46266900.00000002,57292700.00000004,140713799.99999997,688629
20250303,,0.0,-35989100.0,0.0,-92305700.0,-71155199.99999997,21570999.999999985,141889800.00000003,688629
20250304,,0.0,-17122100.0,0.0,-5262900.000000008,-15509799.999999996,42411600.00000004,-21638899.999999993,688629
20250305,,0.0,94391700.0,0.0,60040100.00000002,18425200.000000004,-5475599.999999977,-72989700.00000001,688629
20250306,,0.0,-107943900.0,0.0,15407300.000000032,-52104000.000000015,30337900.000000007,6358699.999999953,688629
20250307,,0.0,13771700.0,0.0,-80553700.00000003,-91826100.0,46640700.0,125739100.0,688629
20250310,,0.0,27163100.0,0.0,50367999.99999999,-6495999.999999994,29663299.99999998,-73535299.99999999,688629
20250311,,0.0,-79002400.0,0.0,-4305000.0,-47040299.999999985,26140399.999999974,25205000.0,688629
20250312,,0.0,-64621400.0,0.0,71948100.00000004,54837199.99999999,-45529900.00000005,-81255299.99999999,688629
20250313,,0.0,-66766300.0,0.0,10465899.999999965,832399.9999999978,2092799.9999999884,-13391100.000000006,688629
20250314,,0.0,-162724500.0,0.0,-8439100.000000035,-9367199.999999993,-11361400.000000067,29167600.00000002,688629
20250317,,0.0,-63438800.0,0.0,1926500.0000000144,-7168599.999999996,17706300.00000001,-12464300.000000004,688629
20250318,,0.0,-239552599.99999997,0.0,-44441399.999999955,-71619800.0,42720700.0,73340500.00000003,688629
20250319,,0.0,-64082400.0,0.0,-39854599.99999999,10882399.999999998,16261800.000000004,12710400.00000001,688629
20250320,,0.0,-47099100.0,0.0,-47922700.00000001,-65434699.99999999,66990500.00000003,46366899.999999985,688629
20250321,,0.0,112117099.99999999,0.0,-42483100.000000015,-88436500.00000001,29714500.000000007,101205000.0,688629
20250324,,0.0,16096000.0,0.0,3420399.9999999907,-25708999.999999996,-14382599.999999983,36671299.99999997,688629
20250325,,0.0,-26654500.0,0.0,-33755099.999999985,-28647199.999999996,38390800.000000015,24011600.0,688629
20250326,,0.0,24992600.000000004,0.0,-24672500.0,-14421800.0,2603099.999999995,36491299.99999999,688629
20250327,,0.0,-12336800.0,0.0,57309500.00000001,4909800.000000005,12152099.99999999,-74371400.0,688629
20250328,,0.0,-25284899.999999996,0.0,-40149900.0,-17279700.000000004,-23616600.0,81046199.99999999,688629
20250331,,0.0,41779700.0,0.0,-14833199.999999996,-16529300.000000004,14129700.000000011,17232799.99999999,688629
20250401,,0.0,-52241500.0,0.0,14348199.999999996,7971500.000000001,7511399.999999994,-29831200.000000007,688629
20250402,,0.0,3424100.0000000005,0.0,-13667200.000000002,5021700.000000001,-7767600.000000002,16413100.000000013,688629
20250403,,0.0,-50282600.0,0.0,-1517500.0,31852399.999999996,6749899.999999998,-37084900.0,688629
20250407,,0.0,-26313900.0,0.0,-56295900.00000002,190299.99999999744,-20199900.000000015,76305500.00000003,688629
20250408,,0.0,54522400.0,0.0,-39526699.999999985,-27945200.000000004,-15494300.000000004,82966199.99999999,688629
20250409,,0.0,120689900.0,0.0,29425800.00000002,11688300.0,-7688199.999999997,-33425900.0,688629
20250410,,0.0,-201270500.0,0.0,44624799.99999999,23740499.999999993,14052600.00000002,-82417799.99999999,688629
20250411,,0.0,131169400.0,0.0,-15452200.000000011,11521300.000000002,-29411700.00000002,33342600.00000002,688629
20250414,,0.0,86403600.0,0.0,109516800.0,53479100.0,-47983200.0,-115012700.0,688629
20250415,,0.0,-75893000.0,0.0,3079399.999999987,5441800.000000003,22339799.99999996,-30860999.999999985,688629
20250416,,0.0,-68588800.0,0.0,-3862399.9999999795,45356600.0,-18626000.00000006,-22868300.00000002,688629
20250417,,0.0,-15132500.0,0.0,-8769099.999999998,-9870800.0,34657299.99999996,-16017500.0,688629
20250418,,0.0,-2350800.0,0.0,-41283699.99999999,-32625700.000000007,1455499.9999999928,72453799.99999999,688629
20250421,,0.0,-7483700.0,0.0,-2067800.0000000247,16111099.999999987,-31630500.00000003,17587200.00000001,688629
20250422,,0.0,-3309300.0,0.0,30627099.999999993,-20810900.0,28810499.999999993,-38626800.0,688629
20250423,,0.0,-9584600.0,0.0,13339799.999999996,-8497000.000000007,-8074300.000000003,3231399.9999999944,688629
20250424,,0.0,92959900.0,0.0,-11558300.000000017,-14447200.000000002,16971300.00000001,9034300.000000004,688629
20250425,,0.0,171127900.0,0.0,-12632100.000000028,20869200.0,-942099.9999999913,-7295099.999999984,688629
20250428,,0.0,-42015600.00000001,0.0,-8413100.000000013,16157199.999999993,7558100.000000013,-15302000.000000007,688629
20250429,,0.0,-20898100.0,0.0,-15260900.000000002,-29415999.999999996,24800899.999999966,19875799.99999998,688629
20250430,,0.0,197857500.0,0.0,-7019200.000000019,7265799.999999999,-356100.0000000058,109399.9999999869,688629
20250506,,0.0,-19366900.0,0.0,27495999.999999985,32107399.999999996,-20979000.000000015,-38624399.999999985,688629
20250507,,0.0,-125339500.0,0.0,178000.0000000291,-3115100.0000000023,-5532500.0,8469600.000000028,688629
20250508,,0.0,-145029800.0,0.0,-15171299.999999974,-27517199.999999993,14054900.000000017,28633700.000000007,688629
20250509,,0.0,-6824400.000000001,0.0,-23959000.000000015,-11836000.000000004,18115400.000000007,17679599.999999993,688629
20250512,,0.0,37329500.0,0.0,4462200.000000011,-17875899.999999996,10506399.999999994,2907400.000000016,688629
20250513,,0.0,-94766500.0,0.0,-4587000.000000007,18130700.000000007,4142500.0,-17686300.00000001,688629
20250514,,0.0,-100264000.0,0.0,9197100.00000001,-567600.0000000022,-8405499.999999993,-223999.99999999636,688629
20250515,,0.0,-168358500.0,0.0,-41752199.99999998,-36750799.99999999,21139200.000000056,57363899.99999999,688629
20250516,,0.0,-10640500.0,0.0,1735299.9999999884,6108000.000000002,-16543500.000000022,8700299.999999989,688629
20250519,,0.0,3883700.0,0.0,7702600.000000002,-1331300.0000000012,-15337800.000000024,8966499.999999996,688629
20250520,,0.0,-67136900.0,0.0,-4916200.000000008,16817400.000000004,-2449699.9999999935,-9451499.999999996,688629
20250521,,0.0,-1320900.0,0.0,-4249700.000000003,-12798399.999999996,10095900.000000002,6952199.9999999935,688629
20250522,,0.0,-22795500.0,0.0,14117000.000000007,-12889199.999999998,-4870400.000000008,3642700.000000004,688629
20250523,,0.0,-12168400.0,0.0,1007200.0000000116,292200.0000000003,-9588699.99999999,8289300.000000003,688629
20250526,,0.0,40415200.0,0.0,-3839100.0000000168,-13697900.0,12986700.0,4550300.0000000065,688629
20250527,,0.0,-47753200.0,0.0,5961100.000000006,4403799.999999999,959899.9999999978,-11324899.999999998,688629
20250528,,0.0,4050899.9999999995,0.0,-2325900.0000000014,-18397799.999999996,8811900.000000006,11911800.000000004,688629
20250529,,0.0,27544300.0,0.0,2242799.9999999977,-4602000.0,-2579899.9999999977,4938999.999999996,688629
20250530,,0.0,-58517800.0,0.0,6134400.000000005,-5847100.0,-5856100.000000006,5569000.000000015,688629
20250603,,0.0,21357600.000000004,0.0,-16291400.000000004,-1596400.000000001,-6135999.999999994,24023700.000000007,688629
20250604,,0.0,-3221200.0,0.0,14692900.0,-8709900.0,4008999.9999999963,-9991900.000000006,688629
20250605,,0.0,101216400.0,0.0,26705399.999999974,-9289099.999999998,-8454599.99999999,-8961699.999999983,688629
20250606,,0.0,-12570100.0,0.0,3067900.000000009,7352199.999999998,4777700.000000005,-15197900.00000001,688629
20250609,,0.0,-86571100.0,0.0,1888699.9999999898,7550700.000000002,-2380599.999999995,-7058800.00000001,688629
20250610,,0.0,-25216600.0,0.0,-23451300.00000001,-5889299.999999998,15011200.000000007,14329400.000000006,688629
20250611,,0.0,-27748400.0,0.0,-3039600.0000000005,1727400.0,-1628799.999999992,2940799.999999999,688629
20250612,,0.0,-35059200.0,0.0,-8877300.000000006,-787100.0000000003,7333000.000000011,2331399.9999999944,688629
20250613,,0.0,-23460600.0,0.0,11326700.0,-19351700.0,-13800.000000010186,8038899.999999994,688629
20250616,,0.0,46005000.0,0.0,16190599.999999994,-23273099.999999996,9018800.00000001,-1936400.0000000123,688629
20250617,,0.0,-27474000.0,0.0,15301399.999999994,-6219499.999999999,-159299.99999999383,-8922600.000000002,688629
20250618,,0.0,78339500.0,0.0,-10705100.000000002,4639100.000000001,-1614099.9999999986,7680000.0,688629
20250619,,0.0,-27089300.0,0.0,-2388999.9999999963,14638300.0,-5146500.000000015,-7102800.0000000065,688629
20250620,,0.0,13674900.0,0.0,6510000.0,13891999.999999998,-10569000.000000015,-9832999.999999993,688629
20250623,,0.0,-6931100.0,0.0,-801900.0000000051,12792699.999999994,9903799.999999974,-21894699.999999974,688629
20250624,,0.0,-10781800.0,0.0,2547500.0,14079399.999999996,137799.99999998836,-16764799.999999996,688629
20250625,,0.0,32160800.0,0.0,-1480400.0000000088,-4852000.000000007,3535900.0000000014,2796500.0000000144,688629
20250626,,0.0,57060400.0,0.0,-5204400.000000023,13839400.000000006,-5895100.0000000205,-2740000.0,688629
20250627,,0.0,34955900.0,0.0,6400699.999999997,-13540699.999999996,20612400.000000015,-13472199.999999976,688629
20250630,,0.0,16126700.0,0.0,-7245599.999999995,-846899.999999996,-2135299.9999999884,10227700.000000004,688629
20250701,,0.0,-151132800.0,0.0,1280599.9999999949,4962100.0,-17657399.99999998,11414599.99999999,688629
20250702,,0.0,-14715200.0,0.0,-13545699.999999996,-10405800.0,-273299.9999999993,24224799.999999996,688629
20250703,,0.0,-51823400.0,0.0,13432800.000000007,-22187100.0,4081199.9999999898,4673100.000000013,688629
20250704,,0.0,-16970900.0,0.0,-7712899.999999991,8262100.0,-22141600.0,21592399.999999996,688629
20250707,,0.0,-5524900.0,0.0,4844200.000000001,-21113800.0,6272199.9999999935,9997399.999999998,688629
20250708,,0.0,27063500.0,0.0,14176499.999999996,-7033100.000000002,-2419799.999999996,-4723500.000000004,688629
20250709,,0.0,-47628100.00000001,0.0,12458500.000000004,-5071800.000000001,1737000.0000000072,-9123700.000000007,688629
20250710,,0.0,-30771700.0,0.0,-1004600.0000000003,-4783599.999999999,3102000.0000000075,2686199.9999999898,688629
20250711,,0.0,34933400.0,0.0,-8405699.999999996,7311600.000000001,-5704099.999999998,6798199.999999997,688629
20250714,,0.0,-32504400.0,0.0,4511799.9999999935,-798200.0000000005,1982500.0,-5696200.000000008,688629
20250715,,0.0,-114912300.0,0.0,-21197800.000000007,-5219899.999999998,7032400.000000016,19385200.000000004,688629
20250716,,0.0,54791200.0,0.0,-24628199.999999996,-25558900.0,9378899.999999994,40808200.0,688629
20250717,,0.0,225222599.99999997,0.0,-42900200.00000001,-30607900.000000004,12693400.000000002,60814700.000000015,688629
20250718,,0.0,-103474000.0,0.0,18789799.999999996,-6303399.999999997,1432600.0000000205,-13918999.999999996,688629
20250721,,0.0,-70036800.0,0.0,12450200.000000004,8788699.999999998,6083999.999999996,-27322899.99999999,688629
20250722,,0.0,-265994500.0,0.0,-11715600.000000013,28844700.000000004,-6169499.999999971,-10959700.000000011,688629
20250723,,0.0,-28281100.0,0.0,-3605799.999999999,7326799.999999998,5729800.000000014,-9450699.999999996,688629
20250724,,0.0,-737200.0,0.0,-17155900.0,23664200.0,-9806000.000000004,3297700.000000004,688629
20250725,,0.0,352051200.0,0.0,-451399.9999999942,-71146300.00000001,33873499.999999985,37724300.00000004,688629
20250728,,0.0,53382200.0,0.0,-25305100.00000002,763999.9999999964,-22982600.00000002,47523700.00000003,688629
20250729,,0.0,7278099.999999999,0.0,-44883300.000000015,-47883499.99999999,37592900.00000001,55173800.00000001,688629
20250730,,0.0,-92272099.99999999,0.0,24558899.999999993,-447599.9999999976,-12770800.000000017,-11340499.999999993,688629
20250731,,0.0,210687000.0,0.0,46300800.000000015,-30021000.000000004,13108800.000000047,-29388699.999999955,688629
20250801,,0.0,-58836899.99999999,0.0,3482600.0000000205,-20550500.0,26995200.000000004,-9927400.000000017,688629
20250804,,0.0,-34559900.0,0.0,9781200.000000007,1727799.9999999974,-2554900.000000016,-8954200.000000019,688629
20250805,,0.0,-77503600.0,0.0,24987099.999999993,26519400.000000004,10310499.999999993,-61816900.00000002,688629
20250806,,0.0,77635400.0,0.0,61852400.000000015,-26747200.00000001,20306399.999999993,-55411700.00000002,688629
20250807,,0.0,-174365800.00000003,0.0,37237900.00000001,13498900.000000004,-9086200.000000026,-41650800.000000015,688629
20250808,,0.0,-137091200.0,0.0,-3711199.9999999898,-9190200.000000004,-3299000.0000000144,16200400.00000001,688629
20250811,,0.0,71726700.0,0.0,-22649700.00000001,-14199100.000000004,11072399.99999998,25776399.999999993,688629
20250812,,0.0,356131600.00000006,0.0,-9688600.000000006,-43900599.99999999,14569799.999999959,39019399.99999995,688629
20250813,,0.0,59903200.0,0.0,-55491000.00000002,-245699.9999999971,-8639899.99999998,64376600.00000004,688629
20250814,,0.0,-7831700.0,0.0,-20439900.000000015,27325599.999999996,-1460600.0000000494,-5425100.0000000205,688629
20250815,,0.0,-16449800.0,0.0,-4695600.000000013,-13496500.000000006,-3813199.999999997,22005299.99999999,688629
20250818,,0.0,41362299.99999999,0.0,-3932699.999999968,-6630299.999999989,-2694599.999999991,13257699.999999968,688629
20250819,,0.0,18591600.0,0.0,56840400.00000001,-9590199.999999987,27542400.000000052,-74792600.00000001,688629
20250820,,0.0,-77112100.0,0.0,-23482200.00000001,8892999.999999993,11859400.000000022,2729799.999999996,688629
20250821,,0.0,130653600.0,0.0,27799700.00000001,20302099.999999993,-7621800.000000003,-40479900.00000005,688629
20250822,,0.0,247253400.0,0.0,-74070399.99999994,-55085800.000000015,58990500.00000003,70165600.00000004,688629
20250825,,0.0,191180700.0,0.0,3676999.999999971,31453700.000000026,-450299.99999998836,-34680399.99999993,688629
20250826,,0.0,-57793800.0,0.0,-76960000.0,-69699700.00000001,99831900.00000003,46827799.99999992,688629
20250827,,0.0,-7780200.0,0.0,-1903099.9999999767,-59820399.99999993,16385599.999999978,45337899.99999993,688629
20250828,,0.0,379091100.0,0.0,53501799.99999993,-26077600.00000002,-3676600.000000035,-23747699.999999896,688629
20250829,,0.0,-507700.00000000006,0.0,37358800.000000045,-23353600.000000007,25895099.999999948,-39900299.999999985,688629
20250901,,0.0,14284300.0,0.0,3549799.999999959,-18623400.000000037,13585800.000000017,1487699.9999999679,688629
20250902,,0.0,-340514900.0,0.0,-99851100.0,-28623199.999999996,90537500.0,37936900.00000002,688629
20250903,,0.0,32036400.0,0.0,-3889099.9999999623,-78867499.99999999,31935899.999999966,50820799.99999995,688629
20250904,,0.0,-29047900.0,0.0,-9639899.99999998,-184146700.00000003,60802400.00000005,132984100.00000003,688629
20250905,,0.0,24718000.0,0.0,-20153099.999999978,-24330800.0,26849399.99999995,17634500.000000045,688629
20250908,,0.0,-41347500.0,0.0,-4738499.999999985,-45021700.0,14755500.00000003,35004700.000000015,688629
20250909,,0.0,26586800.0,0.0,-28460399.99999999,-9347700.000000004,-11235800.000000017,49043799.99999997,688629
20250910,,0.0,-2868500.0,0.0,-19787299.999999996,-27835900.0,-30518199.999999996,78141500.00000001,688629
20250911,,0.0,88810700.0,0.0,37885700.0,23449700.00000001,-49961200.00000003,-11374199.999999983,688629
20250912,,0.0,250467800.0,0.0,-7226699.999999982,3283600.0000000056,29497200.00000001,-25554100.000000034,688629
20250915,,0.0,-6833600.0,0.0,34318100.000000015,-34400.00000000509,-13241599.999999963,-21041999.99999997,688629
20250916,,0.0,103542099.99999999,0.0,39190800.000000015,-11905299.999999989,20800600.00000005,-48085999.999999985,688629
20250917,,0.0,17929400.0,0.0,21330800.00000002,-42168899.99999999,18319300.000000004,2518899.9999999944,688629
20250918,,0.0,-274215600.0,0.0,-218486300.00000006,379376900.0,-116101400.00000013,-44789199.999999985,688629
20250919,,0.0,60322299.99999999,0.0,88353600.0,-229639799.99999997,89533299.99999987,51752899.99999993,688629
20250922,,0.0,37616500.0,0.0,22939900.000000052,-27249000.000000015,27054100.000000034,-22745099.999999948,688629
20250923,,0.0,-187253100.0,0.0,-15800400.00000001,-29785299.99999999,51689299.99999993,-6103699.999999953,688629
20250924,,0.0,-23569400.0,0.0,-16310699.999999996,-48731900.00000001,40073000.00000003,24969599.999999993,688629
20250925,,0.0,70856000.0,0.0,-5806200.000000026,77968800.00000001,-33997200.000000015,-38165299.999999985,688629
20250926,,0.0,-193140700.0,0.0,-30082900.000000007,-44311800.0,13948199.999999996,60446500.000000015,688629
20250929,,0.0,77802400.0,0.0,-75725700.0,-34366700.0,14491800.000000004,95600700.0,688629
20250930,,0.0,-113115100.0,0.0,17665900.0,3236199.9999999898,-22857000.000000045,1955000.0,688629
20251009,,0.0,-32385000.0,0.0,-46009099.99999996,-72763400.0,70306900.00000003,48465799.99999995,688629
20251010,,0.0,-101179000.0,0.0,-6009899.9999999795,-67601100.0,41793400.00000004,31817699.999999966,688629
20251013,,0.0,11759900.0,0.0,14338799.999999974,-3235000.0,28466600.000000034,-39570499.999999955,688629
20251014,,0.0,-78470900.0,0.0,3370200.000000004,1062099.9999999912,1970900.0000000377,-6403300.000000018,688629
20251015,,0.0,35488700.0,0.0,-31755499.999999993,-11971399.999999998,-14210000.0,57936899.99999995,688629
20251016,,0.0,-32867600.000000004,0.0,9786299.999999993,-22625100.000000004,6736100.000000006,6102800.000000025,688629
20251017,,0.0,-7185800.0,0.0,4962099.999999992,-25935500.000000007,240500.0000000291,20732899.999999974,688629
20251020,,0.0,-1269700.0,0.0,902900.0000000087,-2193999.9999999963,5584199.999999982,-4293100.000000013,688629
20251021,,0.0,78910500.0,0.0,39792000.000000045,18213099.999999996,-31029000.000000015,-26976100.000000007,688629
20251022,,0.0,-41841700.0,0.0,44874900.000000015,35953300.00000001,2577299.999999959,-83405400.00000001,688629
20251023,,0.0,-175274400.0,0.0,-7990999.999999985,-4084600.0000000093,18268199.999999996,-6192600.0000000205,688629
20251024,,0.0,109715200.0,0.0,-430699.9999999971,-12573199.999999996,-223999.9999999418,13227999.999999957,688629
20251027,,0.0,-143737300.0,0.0,133230199.99999997,-12853099.999999994,-11869599.999999918,-108507600.00000001,688629
20251028,,0.0,-382617900.0,0.0,22764700.00000001,-31112000.000000007,84093900.0,-75746699.99999999,688629
20251029,,0.0,-148017700.0,0.0,-63031900.00000002,-29063099.999999996,-3044899.9999999795,95140000.0,688629
20251030,,0.0,-162418400.0,0.0,-7386599.999999998,-21040800.0,22981800.000000004,5445600.000000049,688629
20251031,,0.0,-98652600.0,0.0,27883400.0,10890599.999999994,-28273600.000000007,-10500400.00000001,688629
20251103,,0.0,-54295000.0,0.0,-9957799.999999989,-11624800.000000006,1555300.0000000247,20027299.999999996,688629
20251104,,0.0,-90791900.0,0.0,34712299.99999998,-221099.99999999674,5367900.000000008,-39859200.00000002,688629
20251105,,0.0,55109000.0,0.0,-52791899.999999985,-20501899.999999996,13033300.000000017,60260499.99999999,688629
20251106,,0.0,133013400.0,0.0,28616700.00000002,22158400.00000001,-31184199.99999998,-19590900.000000037,688629
20251107,,0.0,-95386500.0,0.0,15422199.999999976,-6222700.000000005,-6805699.999999997,-2393700.000000026,688629
20251110,,0.0,-68525500.0,0.0,-51679500.00000001,-49446700.0,28766600.000000034,72359699.99999997,688629
20251111,,0.0,-20562900.0,0.0,-37105700.0,-23578199.999999996,25442099.999999993,35241700.00000002,688629
20251112,,0.0,59562299.99999999,0.0,-28346800.000000004,-33370299.999999996,8218800.00000001,53498300.000000015,688629
20251113,,0.0,128599400.0,0.0,-22758199.999999996,17094200.0,-1282600.0000000205,6946500.000000015,688629
20251114,,0.0,155615500.0,0.0,19639100.000000034,124951099.99999997,-33384499.99999997,-111205800.00000001,688629
20251117,,0.0,244201200.0,0.0,-71250299.99999999,-8074799.999999995,-3839399.999999878,83164599.99999993,688629
20251118,,0.0,149896800.0,0.0,39700099.99999995,-6565200.000000005,47468400.00000011,-80603400.00000004,688629
20251119,,0.0,-62664700.0,0.0,24283600.000000007,-35666399.99999999,24732299.99999996,-13349399.99999995,688629
20251120,,0.0,-81467600.0,0.0,34952699.99999997,-17926199.99999999,11930000.0,-28956500.000000015,688629
20251121,,0.0,-132796200.00000001,0.0,17784300.000000004,-25357200.00000001,27208700.000000026,-19635800.00000002,688629
20251124,,0.0,-4015500.0,0.0,7775900.000000002,-30019000.000000015,1757299.9999999593,20485899.999999966,688629
20251125,,0.0,-170611400.0,0.0,-1860100.0000000205,1686199.9999999898,-22900800.00000002,23074700.00000001,688629
20251126,,0.0,130082900.00000001,0.0,-24415499.999999955,15869300.000000004,-26130200.00000004,34676399.99999999,688629
20251127,,0.0,49821700.0,0.0,-11571800.000000004,-31100.00000000582,6756200.000000026,4846899.999999951,688629
20251128,,0.0,-24579400.0,0.0,23122299.999999996,-25254299.999999993,10478700.000000026,-8346699.999999982,688629
20251201,,0.0,-138859100.0,0.0,18423199.999999996,5774800.000000005,-5475699.999999997,-18722200.00000001,688629
20251202,,0.0,-73410800.0,0.0,3501899.999999987,-15414899.999999998,3202399.9999999795,8710699.999999996,688629
20251203,,0.0,-70426200.0,0.0,8977900.00000001,-5540299.999999997,9337800.000000024,-12775499.999999993,688629
20251204,,0.0,65912100.0,0.0,-195999.99999998545,12248300.0,-5076500.000000015,-6975699.999999997,688629
20251205,,0.0,105146800.0,0.0,18526600.0,-5241300.000000001,10740400.00000001,-24025699.999999996,688629
20251208,,0.0,104325000.0,0.0,14618100.000000013,-20790699.999999996,32069699.99999994,-25897000.000000045,688629
20251209,,0.0,137318200.0,0.0,6002200.000000011,-17333400.0,23347500.0,-12016399.999999994,688629
20251210,,0.0,-53977100.0,0.0,-24983999.999999978,-10590299.999999998,27422199.999999974,8152200.000000011,688629
20251211,,0.0,-93733799.99999999,0.0,-6717000.000000007,-20639100.0,13952000.000000007,13404000.000000015,688629
20251212,,0.0,-3896600.0000000005,0.0,13044700.000000011,-11062000.000000007,7495599.999999977,-9478399.999999965,688629
20251215,,0.0,-69372700.0,0.0,26164799.999999996,-13497399.999999998,8006800.000000003,-20674100.0,688629
20251216,,0.0,-128563500.0,0.0,13170799.999999981,-209000.0000000009,-8031699.999999982,-4930100.0000000205,688629
20251217,,0.0,95317400.0,0.0,-23374900.000000015,-24541199.99999999,7354600.000000028,40561500.000000015,688629
20251218,,0.0,-5979900.0,0.0,5179700.000000011,-8109500.000000003,8560900.000000002,-5631100.000000006,688629
20251219,,0.0,-173275600.0,0.0,44397299.99999999,23232799.999999996,-33216300.00000001,-34413700.00000003,688629
20251222,,0.0,260261000.0,0.0,-32333000.00000003,-49618400.0,12417099.99999999,69534300.0,688629
20251223,,0.0,547101000.0,0.0,-29768400.00000011,-8026900.000000023,-26383400.00000011,64178799.9999999,688629
20251224,,0.0,31735900.0,0.0,-9927099.99999999,-37334700.000000015,-2730300.000000061,49992100.00000007,688629
20251225,,0.0,-160972700.0,0.0,-7757600.0000000205,-16025200.000000004,-12706800.000000004,36489499.99999997,688629
20251226,,0.0,206039300.0,0.0,78125500.00000003,74579800.00000001,-11714700.000000011,-140990499.99999988,688629
20251229,,0.0,325724400.0,0.0,19353700.0000001,4550599.999999977,4874199.999999837,-28778600.000000007,688629
20251230,,0.0,-18198300.0,0.0,-69146400.0,-38042999.99999999,57560899.99999996,49628499.999999985,688629
20251231,,0.0,32077700.0,0.0,-33314199.99999998,-99612400.00000001,37805000.0,95121600.00000003,688629
20260105,,0.0,-23914100.0,0.0,-23503600.000000007,40946600.0,-3771399.9999999944,-13671500.000000015,688629
20260106,,0.0,-32105000.0,0.0,11758199.999999996,86364100.0,-39702899.99999993,-58419300.0,688629
20260107,,0.0,30968800.0,0.0,46039499.99999997,6665499.999999993,-32901800.000000075,-19803199.999999996,688629
20260108,,0.0,-160044900.0,0.0,-10987600.00000002,66058699.99999999,5145599.999999977,-60216599.99999996,688629
20260109,,0.0,106539800.0,0.0,-23367300.000000034,-49578600.00000001,41325699.999999925,31620100.00000002,688629
20260112,,0.0,49718800.0,0.0,-32323600.00000008,-69980100.00000001,64425999.99999991,37877699.99999997,688629
20260113,,0.0,-22894000.0,0.0,-58757999.999999955,-105277500.0,61448300.000000015,102587099.99999999,688629
20260114,,0.0,296693800.0,0.0,46291900.00000002,-144639099.99999997,56705100.00000009,41642000.00000012,688629
20260115,,0.0,-82904900.0,0.0,26210200.00000004,3717099.999999991,-9229300.000000004,-20697900.000000007,688629
20260116,,0.0,-197077000.0,0.0,54244599.99999999,6379799.999999995,-12915400.00000001,-47708899.99999999,688629
20260119,,0.0,-108931299.99999999,0.0,-40898299.99999998,-10858000.000000011,12791700.000000056,38964599.99999999,688629
20260120,,0.0,-199309400.0,0.0,-27640100.00000002,-64273899.99999999,-23576699.99999998,115490600.00000004,688629
20260121,,0.0,114514700.0,0.0,-25105499.999999993,-65864100.0,26987200.00000001,63982399.99999998,688629
20260122,,0.0,-6389600.0,0.0,33215800.00000002,-8924099.999999998,-9541700.000000019,-14750099.999999948,688629
20260123,,0.0,119994200.0,0.0,-12450799.999999981,-5418100.000000013,-8985200.000000041,26854300.000000004,688629
20260126,,0.0,-157909400.0,0.0,-12287599.999999983,18224100.0,4718000.000000029,-10654599.99999999,688629
20260127,,0.0,128700000.0,0.0,8614900.000000017,-41290700.0,10540999.999999985,22134800.000000034,688629
20260128,,0.0,-159918300.0,0.0,54177999.99999999,-4391299.999999992,-4188199.999999997,-45598700.00000003,688629
20260129,,0.0,-245299300.0,0.0,-20522000.000000045,-61846000.0,64673400.00000004,17694600.000000063,688629
20260130,,0.0,-27604500.0,0.0,11811800.000000004,-53044699.99999999,29086699.99999998,12146199.999999953,688629
20260202,,0.0,-58140300.0,0.0,12235599.999999978,-68879900.0,48418900.00000003,8225199.999999968,688629
20260203,,0.0,-44512200.0,0.0,-40225799.99999998,-22490199.999999996,56195399.99999993,6520499.999999956,688629
20260204,,0.0,-58644900.0,0.0,-4485200.000000005,-9996600.000000004,19142500.0,-4660599.999999977,688629
20260205,,0.0,-217346200.0,0.0,34785900.0,-19207300.0,17855499.999999993,-33434099.999999963,688629
20260206,,0.0,15089700.0,0.0,3503999.9999999963,12911500.000000006,-32569500.000000007,16154099.999999963,688629
20260209,,0.0,216087000.0,0.0,29128000.00000003,11961999.999999989,-12327200.000000011,-28762799.99999999,688629
20260210,,0.0,-53200800.0,0.0,-14218800.00000001,-13083000.000000002,38544200.00000002,-11242500.0,688629
20260211,,0.0,-53126700.0,0.0,25846800.000000004,-752800.000000002,5333100.000000013,-30427100.000000026,688629
20260212,,0.0,471997500.0,0.0,-47993699.999999955,-60847900.00000001,43366800.000000075,65474900.00000005,688629
20260213,,0.0,438408500.0,0.0,-114660200.00000004,-25176300.000000045,1660799.999999872,138175699.9999999,688629
20260224,,0.0,-284097200.0,0.0,-18694599.999999993,-32598199.999999996,27199300.000000075,24093500.00000006,688629
20260225,,0.0,-97273500.0,0.0,-60926599.99999996,100053900.0,6044100.000000035,-45171500.00000009,688629
20260226,,0.0,704733400.0,0.0,2130299.9999999884,16015699.999999996,39769400.00000002,-57915299.999999985,688629
20260227,,0.0,203099400.0,0.0,4300699.999999778,-88612400.00000006,23074599.999999918,61236999.99999997,688629
20260302,,0.0,79346500.0,0.0,-39487599.99999995,-238757899.99999994,141363099.99999997,136882500.0,688629
20260303,,0.0,-298715600.0,0.0,-111891800.00000007,-31762399.99999998,55299199.999999836,88355099.99999994,688629
20260304,,0.0,-151605600.0,0.0,97299999.99999993,57682999.999999955,-59016399.99999999,-95966600.00000003,688629
20260305,,0.0,-162786400.0,0.0,-19139499.99999997,-8243099.999999977,-10131500.000000088,37514100.00000004,688629
20260306,,0.0,36495000.0,0.0,1450399.999999936,16651599.999999998,576900.0000000233,-18678899.999999993,688629
20260309,,0.0,69057000.0,0.0,52586600.00000004,-11571699.999999983,21849100.000000034,-62863999.99999994,688629
20260310,,0.0,151073000.0,0.0,39602700.00000004,-29155699.999999996,-9027200.000000011,-1419799.9999999593,688629
20260311,,0.0,-133286100.0,0.0,64455800.000000015,45345300.00000002,16635299.999999989,-126436500.00000009,688629
20260312,,0.0,-457346300.0,0.0,-80231199.99999996,36106199.99999999,-17233200.00000007,61358199.999999925,688629
20260313,,0.0,-99345900.0,0.0,-21541499.99999994,-7193599.999999988,-31437700.00000004,60172699.99999997,688629
20260316,,0.0,5547700.0,0.0,26645499.999999955,-38699000.000000015,-3508800.0000000466,15562400.000000052,688629
20260317,,0.0,-145281900.0,0.0,-5460100.0000000205,-8552900.00000001,-14797500.0,28810500.00000003,688629
20260318,,0.0,306365200.0,0.0,-6340899.999999965,-6203099.999999977,-13216399.999999994,25760499.999999955,688629
20260319,,0.0,-105828100.0,0.0,14710000.0,12587700.000000004,-20957999.999999955,-6339700.000000011,688629
20260320,,0.0,-68794600.0,0.0,52638499.999999985,143200400.0,-47041200.0000001,-148797600.0000001,688629
20260323,,0.0,97833900.0,0.0,54732899.99999993,-38043299.99999998,56981599.99999989,-73671200.0000001,688629
20260324,,0.0,-98509000.0,0.0,86638399.99999997,25061399.999999993,-46646300.000000045,-65053499.999999985,688629
20260325,,0.0,-84354900.0,0.0,28926200.0000001,3168700.000000026,-4970000.0,-27124700.00000001,688629
20260326,,0.0,-306191700.0,0.0,-66438499.999999985,-21624799.999999996,33952899.99999993,54110500.00000003,688629
20260327,,0.0,373999400.0,0.0,-11513099.999999978,-114379500.0,35084899.99999991,90807600.00000001,688629
20260330,,0.0,-132708200.0,0.0,27557900.000000007,31445800.0,5469400.000000023,-64473100.00000005,688629
20260331,,0.0,-143290000.0,0.0,4529100.000000035,21591900.000000004,-24544899.99999998,-1576199.9999999534,688629
20260401,,0.0,614559600.0,0.0,-74611099.99999994,-31170000.0,6286600.000000035,99494599.99999999,688629
20260402,,0.0,-264734400.0,0.0,38312799.999999985,42549000.0,-16380800.000000017,-64480999.999999985,688629
20260403,,0.0,481577000.0,0.0,1291900.0000000233,-94053999.99999999,17313999.99999994,75448300.00000001,688629
20260407,,0.0,83019500.0,0.0,26256699.99999998,-7844199.999999982,35974599.99999992,-54387200.000000015,688629
20260408,,0.0,355433900.0,0.0,-61551000.00000006,-42627099.99999999,98746500.00000009,5431699.999999982,688629
20260409,,0.0,79095900.0,0.0,-46990999.999999985,-51567600.00000002,35582200.000000015,62976399.99999999,688629
20260410,,0.0,11419400.0,0.0,-122099.99999999127,-37702400.000000015,-4531200.000000099,42355599.99999998,688629
20260413,,0.0,32711000.0,0.0,-21852199.99999994,-14733300.000000017,-46212799.999999985,82798300.00000001,688629
20260414,,0.0,71514300.0,0.0,-54798399.99999996,-7137199.9999999385,5990800.000000018,55944700.000000015,688629
20260415,,0.0,461069700.0,0.0,52199600.00000007,-87200799.99999994,49709600.00000021,-14708399.999999965,688629
20260416,,0.0,-127270500.0,0.0,-23745800.00000002,34871999.99999997,-37480999.99999991,26354799.99999996,688629
20260417,,0.0,251872300.0,0.0,-29498399.999999966,-51846300.000000045,28372100.000000063,52972599.99999995,688629
20260420,,0.0,182446400.0,0.0,-108601200.0000001,-63475099.99999995,72046100.00000015,100030200.00000004,688629
20260421,,0.0,-48882700.00000001,0.0,-76757599.99999994,17125100.00000002,63104499.99999997,-3472099.999999991,688629
20260422,,0.0,176266500.0,0.0,-117292800.00000013,-182999100.00000003,77130699.99999978,223161100.0,688629
20260423,,0.0,-18990100.0,0.0,-106952100.00000006,-121585500.00000003,77845000.0,150692599.99999994,688629
20260424,,0.0,478776400.0,0.0,96112699.9999999,7218900.00000014,-20432399.999999907,-82899200.00000013,688629
20260427,,0.0,-333925600.0,0.0,31642699.999999896,-117065800.00000001,147400199.99999988,-61977200.000000015,688629
20260428,,0.0,-389029000.0,0.0,-65180599.99999998,25232600.00000002,-26242600.000000093,66190699.999999925,688629
20260429,,0.0,-231740200.0,0.0,-26856200.000000026,18647000.000000007,-7123899.999999994,15333199.999999924,688629
20260430,,0.0,863791600.0,0.0,-25530800.00000002,-56312799.999999985,58210199.999999896,23633399.999999966,688629
20260506,,0.0,-160368500.0,0.0,-68098100.00000012,15214300.000000004,8603500.000000058,44280299.999999985,688629
20260507,,0.0,-254477500.0,0.0,1183999.9999999418,81319599.99999999,-41895599.99999998,-40608000.00000003,688629
20260508,,0.0,-523207600.0,0.0,34980599.99999998,39325100.00000002,-1906199.9999999534,-72399599.99999993,688629
20260511,,0.0,282561600.0,0.0,21806699.99999998,-49109899.99999998,15169599.999999918,12133600.000000006,688629
20260512,,0.0,-308528700.0,0.0,-28546999.99999997,247900.00000000873,2088499.9999999127,26210500.00000003,688629
20260513,,0.0,-53121899.99999999,0.0,30453200.00000007,-77137900.00000001,18417299.99999996,28267400.000000052,688629
20260514,,0.0,-162002000.0,0.0,-18255399.999999937,15565300.000000024,22396100.000000007,-19706000.00000006,688629
20260515,,0.0,-211410300.0,0.0,-55695599.99999998,-57038100.000000015,46134199.999999985,66599499.999999896,688629
20260518,,0.0,347853700.0,0.0,32710699.999999925,-71913799.99999997,4782500.0,34420599.99999998,688629
20260519,,0.0,1368765600.0,0.0,-98577499.99999985,-18794599.999999993,58114899.99999991,59257199.999999866,688629
20260520,,0.0,-188799000.0,0.0,-71624099.9999999,-2477600.0000000205,9953500.000000058,64148299.99999987,688629
20260521,,0.0,-412215600.0,0.0,-3376800.0000000754,-44861399.99999999,42513000.00000003,5725200.000000041,688629
20260522,,0.0,112762400.0,0.0,12033099.999999978,96435500.0,-21587500.0,-86881199.99999996,688629
20260525,,0.0,412151900.0,0.0,-76958300.00000001,-93613100.00000004,117864899.99999991,52706399.99999985,688629
20260526,,0.0,-237826500.0,0.0,4281199.999999953,66511699.999999985,-14305500.00000003,-56487400.00000005,688629
20260527,,0.0,-339433600.0,0.0,-25636900.000000022,135359100.00000003,-42192799.999999985,-67529400.00000003,688629
20260528,,0.0,346160600.0,0.0,61396199.999999955,-19930699.999999996,6324900.000000052,-47790400.00000008,688629
20260529,,0.0,-569817900.0,0.0,-54586800.000000075,87403300.00000001,-723299.999999872,-32093199.999999925,688629
20260601,,0.0,-148555700.0,0.0,21875800.00000002,-30479400.000000022,59115800.000000015,-50512299.99999996,688629
20260602,,0.0,206117500.0,0.0,-38938200.0,7410800.000000018,34660600.00000012,-3133399.999999965,688629
20260603,,0.0,-182874700.0,0.0,-36313900.00000007,-21422200.00000001,21812399.999999907,35923699.999999955,688629
20260604,,0.0,115363900.0,0.0,-20111899.99999995,-18879100.000000034,16290500.00000003,22700499.999999955,688629
20260605,,0.0,-178558400.0,0.0,79660099.99999994,-13222299.999999959,-9277700.000000041,-57160100.00000009,688629
20260608,,0.0,-289204900.0,0.0,-13869200.000000056,18380600.00000005,-16284400.000000022,11773000.00000003,688629
20260609,,0.0,114145200.0,0.0,-65215499.999999955,10359400.000000022,15563000.00000003,39293000.00000003,688629
20260610,,0.0,299264000.0,0.0,98672200.00000001,71229199.99999999,-109064400.00000003,-60836999.99999997,688629
20260611,,0.0,203885700.0,0.0,31581699.99999998,-131195400.00000001,74579899.99999991,25033799.9999999,688629
20260612,,0.0,21128100.0,0.0,5466199.999999953,-9295000.000000037,26019599.999999918,-22190700.00000007,688629
20260615,,0.0,363527200.0,0.0,20325100.000000093,-37993800.000000045,46160500.00000003,-28491800.000000075,688629
20260616,,0.0,-182251699.99999997,0.0,-12451299.999999901,-63804100.0,47470699.999999925,28784700.00000001,688629
20260617,,0.0,419702100.0,0.0,15799199.999999983,28591300.000000045,-45748600.00000001,1358099.9999999767,688629
20260618,,0.0,209894199.99999997,0.0,9660299.999999989,-110389199.99999999,51339100.00000004,49389800.000000104,688629
20260622,,0.0,-529991800.0,0.0,-65329199.999999985,-144417200.0,121236000.00000006,88510400.00000007,688629
20260623,,0.0,47867900.0,0.0,-19099700.00000001,-74553300.00000001,67222899.99999994,26430100.000000093,688629
20260624,,0.0,313650600.0,0.0,28841300.000000045,-116338300.00000001,75665699.99999993,11831299.999999901,688629
20260625,,0.0,230781900.0,0.0,-35548600.00000001,-45223200.0,19533999.99999994,61237600.00000009,688629
20260626,,0.0,-210438500.0,0.0,-8921599.999999963,-13098100.000000013,29477599.999999948,-7458000.000000029,688629
20260629,,0.0,70705100.0,0.0,78846699.99999984,-37987299.99999996,-41625399.99999979,765999.9999997672,688629
20260630,,0.0,713203800.0,0.0,-155676499.99999994,-152598699.99999994,142939700.0,165335400.0000001,688629
20260701,,0.0,-186215600.0,0.0,-11753899.999999994,-97680400.00000001,34934599.99999992,74499599.99999993,688629
20260702,,0.0,457138600.0,0.0,120113599.99999987,-9150099.999999948,-9957099.999999918,-101006400.00000013,688629
20260703,,0.0,-142413100.0,0.0,98706499.99999994,55286500.000000015,-55261600.00000004,-98731400.0,688629
20260706,,0.0,811146600.0,0.0,184792399.9999999,-106530699.99999978,-20384799.999999814,-57876800.000000075,688629
