trade_date,ts_code,exalter,buy,buy_rate,sell,sell_rate,net_buy,side,reason
20260521,000039.SZ,深股通专用,125562590.66,7.49,103818122.5,6.19,21744468.16,0,日跌幅偏离值达到7%的前5只证券
20260521,000039.SZ,机构专用,73740433.33,4.4,0.0,0.0,73740433.33,0,日跌幅偏离值达到7%的前5只证券
20260521,000039.SZ,机构专用,65851665.5,3.93,32017684.8,1.91,33833980.7,0,日跌幅偏离值达到7%的前5只证券
20260521,000039.SZ,机构专用,43105001.0,2.57,24739888.2,1.48,18365112.8,0,日跌幅偏离值达到7%的前5只证券
20260521,000039.SZ,机构专用,42715135.5,2.55,0.0,0.0,42715135.5,0,日跌幅偏离值达到7%的前5只证券
20260521,000039.SZ,机构专用,0.0,0.0,123732494.13,7.38,-123732494.13,1,日跌幅偏离值达到7%的前5只证券
20260521,000039.SZ,深股通专用,125562590.66,7.49,103818122.5,6.19,21744468.16,1,日跌幅偏离值达到7%的前5只证券
20260521,000039.SZ,机构专用,0.0,0.0,80786504.3,4.82,-80786504.3,1,日跌幅偏离值达到7%的前5只证券
20260521,000039.SZ,机构专用,0.0,0.0,62333501.0,3.72,-62333501.0,1,日跌幅偏离值达到7%的前5只证券
20260521,000039.SZ,机构专用,0.0,0.0,45666861.36,2.72,-45666861.36,1,日跌幅偏离值达到7%的前5只证券
20260521,000417.SZ,机构专用,45019676.96,1.91,67513179.85,2.86,-22493502.89,0,日换手率达到20%的前5只证券
20260521,000417.SZ,广发证券股份有限公司杭州富春路证券营业部,39434095.15,1.67,565433.0,0.02,38868662.15,0,日换手率达到20%的前5只证券
20260521,000417.SZ,机构专用,37253615.1,1.58,7673657.0,0.33,29579958.1,0,日换手率达到20%的前5只证券
20260521,000417.SZ,机构专用,34596413.9,1.47,4742253.0,0.2,29854160.9,0,日换手率达到20%的前5只证券
20260521,000417.SZ,机构专用,33423308.25,1.42,24674356.0,1.05,8748952.25,0,日换手率达到20%的前5只证券
20260521,000417.SZ,机构专用,45019676.96,1.91,67513179.85,2.86,-22493502.89,1,日换手率达到20%的前5只证券
20260521,000417.SZ,国泰海通证券股份有限公司南京太平南路证券营业部,25974456.58,1.1,52981532.0,2.25,-27007075.42,1,日换手率达到20%的前5只证券
20260521,000417.SZ,方正证券股份有限公司杭州白石巷证券营业部,9560185.0,0.41,48956359.0,2.08,-39396174.0,1,日换手率达到20%的前5只证券
20260521,000417.SZ,国盛证券股份有限公司宁波桑田路证券营业部,4598585.0,0.2,42026689.44,1.78,-37428104.44,1,日换手率达到20%的前5只证券
20260521,000417.SZ,国盛证券股份有限公司杭州建设三路证券营业部,163462.0,0.01,37972964.14,1.61,-37809502.14,1,日换手率达到20%的前5只证券
20260521,000518.SZ,广发证券股份有限公司佛山顺德诚德路证券营业部,11558545.0,1.3,0.0,0.0,11558545.0,0,连续三个交易日内，涨幅偏离值累计达到20%的证券
20260521,000518.SZ,中国银河证券股份有限公司成都益州大道证券营业部,11301736.0,1.27,0.0,0.0,11301736.0,0,连续三个交易日内，涨幅偏离值累计达到20%的证券
20260521,000518.SZ,华福证券股份有限公司福清清宏路证券营业部,9542780.0,1.07,2268515.0,0.25,7274265.0,0,连续三个交易日内，涨幅偏离值累计达到20%的证券
20260521,000518.SZ,平安证券股份有限公司浙江分公司,8162925.0,0.92,184538.0,0.02,7978387.0,0,连续三个交易日内，涨幅偏离值累计达到20%的证券
20260521,000518.SZ,长江证券股份有限公司江阴虹桥南路证券营业部,8124304.0,0.91,543500.0,0.06,7580804.0,0,连续三个交易日内，涨幅偏离值累计达到20%的证券
20260521,000518.SZ,中信证券股份有限公司太原南中环街证券营业部,3750.0,0.0,40756551.4,4.57,-40752801.4,1,连续三个交易日内，涨幅偏离值累计达到20%的证券
20260521,000518.SZ,广发证券股份有限公司广州寺右新马路证券营业部,2283847.0,0.26,24382233.0,2.73,-22098386.0,1,连续三个交易日内，涨幅偏离值累计达到20%的证券
20260521,000518.SZ,华泰证券股份有限公司江阴福泰路证券营业部,3629107.0,0.41,13322421.0,1.49,-9693314.0,1,连续三个交易日内，涨幅偏离值累计达到20%的证券
20260521,000518.SZ,机构专用,5380465.0,0.6,11949465.0,1.34,-6569000.0,1,连续三个交易日内，涨幅偏离值累计达到20%的证券
20260521,000518.SZ,大同证券有限责任公司泉州丁荣路证券营业部,9000.0,0.0,10435013.41,1.17,-10426013.41,1,连续三个交易日内，涨幅偏离值累计达到20%的证券
20260521,000725.SZ,浙商证券股份有限公司杭州五星路证券营业部,241880184.0,4.98,11256.0,0.0,241868928.0,0,日涨幅偏离值达到7%的前5只证券
20260521,000725.SZ,广发证券股份有限公司西安南广济街证券营业部,239465303.0,4.93,664104.0,0.01,238801199.0,0,日涨幅偏离值达到7%的前5只证券
20260521,000725.SZ,东亚前海证券有限责任公司上海分公司,158330648.0,3.26,46900.0,0.0,158283748.0,0,日涨幅偏离值达到7%的前5只证券
20260521,000725.SZ,爱建证券有限责任公司上海浦东新区前滩大道证券营业部,141103809.0,2.9,0.0,0.0,141103809.0,0,日涨幅偏离值达到7%的前5只证券
20260521,000725.SZ,东亚前海证券有限责任公司深圳分公司,131715367.0,2.71,0.0,0.0,131715367.0,0,日涨幅偏离值达到7%的前5只证券
20260521,000725.SZ,中国银河证券股份有限公司上海闵行区漕宝路证券营业部,0.0,0.0,217617435.14,4.48,-217617435.14,1,日涨幅偏离值达到7%的前5只证券
20260521,000725.SZ,国信证券股份有限公司佛山分公司,211988.0,0.0,86633211.0,1.78,-86421223.0,1,日涨幅偏离值达到7%的前5只证券
20260521,000725.SZ,机构专用,0.0,0.0,84760118.8,1.74,-84760118.8,1,日涨幅偏离值达到7%的前5只证券
20260521,000725.SZ,国泰海通证券股份有限公司上海浦东新区陆家嘴东路证券营业部,23450000.0,0.48,76120107.0,1.57,-52670107.0,1,日涨幅偏离值达到7%的前5只证券
20260521,000725.SZ,深股通专用,1510180.0,0.03,51170151.2,1.05,-49659971.2,1,日涨幅偏离值达到7%的前5只证券
20260521,000809.SZ,中信证券股份有限公司上海溧阳路证券营业部,9853960.0,1.79,6616.0,0.0,9847344.0,0,日振幅值达到15%的前5只证券
20260521,000809.SZ,机构专用,8352319.0,1.52,33730306.5,6.14,-25377987.5,0,日振幅值达到15%的前5只证券
20260521,000809.SZ,华泰证券股份有限公司合肥习友路证券营业部,7190351.0,1.31,14392.0,0.0,7175959.0,0,日振幅值达到15%的前5只证券
20260521,000809.SZ,方正证券股份有限公司杭州文二路证券营业部,6273568.0,1.14,6376747.0,1.16,-103179.0,0,日振幅值达到15%的前5只证券
20260521,000809.SZ,机构专用,5948777.0,1.08,14248110.0,2.59,-8299333.0,0,日振幅值达到15%的前5只证券
20260521,000809.SZ,机构专用,8352319.0,1.52,33730306.5,6.14,-25377987.5,1,日振幅值达到15%的前5只证券
20260521,000809.SZ,东方证券股份有限公司厦门仙岳路证券营业部,160103.0,0.03,20378748.0,3.71,-20218645.0,1,日振幅值达到15%的前5只证券
20260521,000809.SZ,机构专用,4676201.0,0.85,20204157.0,3.68,-15527956.0,1,日振幅值达到15%的前5只证券
20260521,000809.SZ,信达证券股份有限公司铁岭光荣街证券营业部,654835.0,0.12,16084773.1,2.93,-15429938.1,1,日振幅值达到15%的前5只证券
20260521,000809.SZ,国元证券股份有限公司杭州体育馆路证券营业部,0.0,0.0,14309649.0,2.6,-14309649.0,1,日振幅值达到15%的前5只证券
20260521,000813.SZ,东方证券股份有限公司上海松江区沪亭北路证券营业部,17085375.0,2.89,195900.0,0.03,16889475.0,0,日振幅值达到15%的前5只证券
20260521,000813.SZ,国泰海通证券股份有限公司瑞安莘阳大道证券营业部,16308176.0,2.76,109745.0,0.02,16198431.0,0,日振幅值达到15%的前5只证券
20260521,000813.SZ,深股通专用,11399199.0,1.93,46287245.0,7.82,-34888046.0,0,日振幅值达到15%的前5只证券
20260521,000813.SZ,机构专用,10168415.0,1.72,13046557.0,2.2,-2878142.0,0,日振幅值达到15%的前5只证券
20260521,000813.SZ,华安证券股份有限公司长沙芙蓉中路证券营业部,6094488.0,1.03,37098.0,0.01,6057390.0,0,日振幅值达到15%的前5只证券
20260521,000813.SZ,深股通专用,11399199.0,1.93,46287245.0,7.82,-34888046.0,1,日振幅值达到15%的前5只证券
20260521,000813.SZ,广发证券股份有限公司珠海斗门珠峰科创中心证券营业部,5715.0,0.0,24334735.0,4.11,-24329020.0,1,日振幅值达到15%的前5只证券
20260521,000813.SZ,东吴证券股份有限公司苏州吴中区木渎镇证券营业部,323699.0,0.05,20027077.0,3.38,-19703378.0,1,日振幅值达到15%的前5只证券
20260521,000813.SZ,机构专用,10168415.0,1.72,13046557.0,2.2,-2878142.0,1,日振幅值达到15%的前5只证券
20260521,000813.SZ,机构专用,4544495.0,0.77,12398548.0,2.1,-7854053.0,1,日振幅值达到15%的前5只证券
20260521,001896.SZ,国泰海通证券股份有限公司三亚迎宾路证券营业部,379232134.63,8.1,175387.0,0.0,379056747.63,0,日涨幅偏离值达到7%的前5只证券
20260521,001896.SZ,国泰海通证券股份有限公司成都北一环路证券营业部,189758459.0,4.05,747491.0,0.02,189010968.0,0,日涨幅偏离值达到7%的前5只证券
20260521,001896.SZ,国泰海通证券股份有限公司武汉紫阳东路证券营业部,172815630.0,3.69,1847471.0,0.04,170968159.0,0,日涨幅偏离值达到7%的前5只证券
20260521,001896.SZ,深股通专用,143706040.31,3.07,186228727.71,3.98,-42522687.4,0,日涨幅偏离值达到7%的前5只证券
20260521,001896.SZ,华源证券股份有限公司江苏分公司,125842738.0,2.69,0.0,0.0,125842738.0,0,日涨幅偏离值达到7%的前5只证券
20260521,001896.SZ,深股通专用,143706040.31,3.07,186228727.71,3.98,-42522687.4,1,日涨幅偏离值达到7%的前5只证券
20260521,001896.SZ,华泰证券股份有限公司岳阳岳阳大道证券营业部,8572601.0,0.18,108004208.9,2.31,-99431607.9,1,日涨幅偏离值达到7%的前5只证券
20260521,001896.SZ,中国中金财富证券有限公司湖南分公司,7108465.83,0.15,82767170.0,1.77,-75658704.17,1,日涨幅偏离值达到7%的前5只证券
20260521,001896.SZ,国信证券股份有限公司佛山南海大道证券营业部,175191.0,0.0,66789250.0,1.43,-66614059.0,1,日涨幅偏离值达到7%的前5只证券
20260521,001896.SZ,机构专用,53000376.0,1.13,44697685.72,0.95,8302690.28,1,日涨幅偏离值达到7%的前5只证券
20260521,002208.SZ,深股通专用,206819529.5,6.32,276317117.6,8.44,-69497588.1,0,日跌幅偏离值达到7%的前5只证券
20260521,002208.SZ,国盛证券股份有限公司杭州建设三路证券营业部,42413822.0,1.3,31525544.0,0.96,10888278.0,0,日跌幅偏离值达到7%的前5只证券
20260521,002208.SZ,机构专用,37443788.0,1.14,30406056.0,0.93,7037732.0,0,日跌幅偏离值达到7%的前5只证券
20260521,002208.SZ,东莞证券股份有限公司四川分公司,37391883.0,1.14,2218906.0,0.07,35172977.0,0,日跌幅偏离值达到7%的前5只证券
20260521,002208.SZ,东方财富证券股份有限公司拉萨金融城南环路证券营业部,32459831.82,0.99,27706542.44,0.85,4753289.38,0,日跌幅偏离值达到7%的前5只证券
20260521,002208.SZ,深股通专用,206819529.5,6.32,276317117.6,8.44,-69497588.1,1,日跌幅偏离值达到7%的前5只证券
20260521,002208.SZ,机构专用,16814977.0,0.51,49611941.4,1.52,-32796964.4,1,日跌幅偏离值达到7%的前5只证券
20260521,002208.SZ,机构专用,12561879.0,0.38,45355351.2,1.39,-32793472.2,1,日跌幅偏离值达到7%的前5只证券
20260521,002208.SZ,国盛证券股份有限公司杭州建设三路证券营业部,42413822.0,1.3,31525544.0,0.96,10888278.0,1,日跌幅偏离值达到7%的前5只证券
20260521,002208.SZ,机构专用,37443788.0,1.14,30406056.0,0.93,7037732.0,1,日跌幅偏离值达到7%的前5只证券
20260521,002272.SZ,深股通专用,282989620.38,7.59,126902647.88,3.4,156086972.5,0,日换手率达到20%的前5只证券
20260521,002272.SZ,深股通专用,282989620.38,7.59,126902647.88,3.4,156086972.5,0,日跌幅偏离值达到7%的前5只证券
20260521,002272.SZ,机构专用,123239967.78,3.3,48514761.43,1.3,74725206.35,0,日换手率达到20%的前5只证券
20260521,002272.SZ,机构专用,123239967.78,3.3,48514761.43,1.3,74725206.35,0,日跌幅偏离值达到7%的前5只证券
20260521,002272.SZ,机构专用,101004868.75,2.71,19193980.0,0.51,81810888.75,0,日换手率达到20%的前5只证券
20260521,002272.SZ,机构专用,101004868.75,2.71,19193980.0,0.51,81810888.75,0,日跌幅偏离值达到7%的前5只证券
20260521,002272.SZ,机构专用,55446663.71,1.49,16410304.0,0.44,39036359.71,0,日换手率达到20%的前5只证券
20260521,002272.SZ,机构专用,55446663.71,1.49,16410304.0,0.44,39036359.71,0,日跌幅偏离值达到7%的前5只证券
20260521,002272.SZ,中国国际金融股份有限公司上海分公司,52244574.3,1.4,8289321.0,0.22,43955253.3,0,日换手率达到20%的前5只证券
20260521,002272.SZ,中国国际金融股份有限公司上海分公司,52244574.3,1.4,8289321.0,0.22,43955253.3,0,日跌幅偏离值达到7%的前5只证券
20260521,002272.SZ,深股通专用,282989620.38,7.59,126902647.88,3.4,156086972.5,1,日换手率达到20%的前5只证券
20260521,002272.SZ,深股通专用,282989620.38,7.59,126902647.88,3.4,156086972.5,1,日跌幅偏离值达到7%的前5只证券
20260521,002272.SZ,国泰海通证券股份有限公司成都北一环路证券营业部,300307.0,0.01,112114878.74,3.01,-111814571.74,1,日换手率达到20%的前5只证券
20260521,002272.SZ,国泰海通证券股份有限公司成都北一环路证券营业部,300307.0,0.01,112114878.74,3.01,-111814571.74,1,日跌幅偏离值达到7%的前5只证券
20260521,002272.SZ,机构专用,50518563.0,1.35,65228530.95,1.75,-14709967.95,1,日换手率达到20%的前5只证券
20260521,002272.SZ,机构专用,50518563.0,1.35,65228530.95,1.75,-14709967.95,1,日跌幅偏离值达到7%的前5只证券
20260521,002272.SZ,机构专用,0.0,0.0,61804922.95,1.66,-61804922.95,1,日换手率达到20%的前5只证券
20260521,002272.SZ,机构专用,0.0,0.0,61804922.95,1.66,-61804922.95,1,日跌幅偏离值达到7%的前5只证券
20260521,002272.SZ,机构专用,123239967.78,3.3,48514761.43,1.3,74725206.35,1,日换手率达到20%的前5只证券
20260521,002272.SZ,机构专用,123239967.78,3.3,48514761.43,1.3,74725206.35,1,日跌幅偏离值达到7%的前5只证券
20260521,002297.SZ,机构专用,170049449.37,3.71,100750728.27,2.2,69298721.1,0,日换手率达到20%的前5只证券
20260521,002297.SZ,机构专用,156607126.64,3.42,145013072.7,3.16,11594053.94,0,日换手率达到20%的前5只证券
20260521,002297.SZ,机构专用,123351106.51,2.69,127664117.89,2.79,-4313011.38,0,日换手率达到20%的前5只证券
20260521,002297.SZ,机构专用,80894518.93,1.76,48877724.4,1.07,32016794.53,0,日换手率达到20%的前5只证券
20260521,002297.SZ,机构专用,44622635.01,0.97,7408320.0,0.16,37214315.01,0,日换手率达到20%的前5只证券
20260521,002297.SZ,机构专用,156607126.64,3.42,145013072.7,3.16,11594053.94,1,日换手率达到20%的前5只证券
20260521,002297.SZ,机构专用,123351106.51,2.69,127664117.89,2.79,-4313011.38,1,日换手率达到20%的前5只证券
20260521,002297.SZ,机构专用,170049449.37,3.71,100750728.27,2.2,69298721.1,1,日换手率达到20%的前5只证券
20260521,002297.SZ,国泰海通证券股份有限公司常德武陵大道证券营业部,441082.0,0.01,54755158.0,1.19,-54314076.0,1,日换手率达到20%的前5只证券
20260521,002297.SZ,机构专用,80894518.93,1.76,48877724.4,1.07,32016794.53,1,日换手率达到20%的前5只证券
20260521,002342.SZ,深股通专用,75319135.76,1.93,17463046.0,0.45,57856089.76,0,日跌幅偏离值达到7%的前5只证券
20260521,002342.SZ,深股通专用,75319135.76,1.93,17463046.0,0.45,57856089.76,0,日换手率达到20%的前5只证券
20260521,002342.SZ,华泰证券股份有限公司深圳彩田路证券营业部,49538123.54,1.27,216243.0,0.01,49321880.54,0,日跌幅偏离值达到7%的前5只证券
20260521,002342.SZ,华泰证券股份有限公司深圳彩田路证券营业部,49538123.54,1.27,216243.0,0.01,49321880.54,0,日换手率达到20%的前5只证券
20260521,002342.SZ,中信证券股份有限公司海宁海昌南路证券营业部,46072937.52,1.18,788770.0,0.02,45284167.52,0,日跌幅偏离值达到7%的前5只证券
20260521,002342.SZ,中信证券股份有限公司海宁海昌南路证券营业部,46072937.52,1.18,788770.0,0.02,45284167.52,0,日换手率达到20%的前5只证券
20260521,002342.SZ,华泰证券股份有限公司岳阳岳阳大道证券营业部,45968235.0,1.18,5512409.0,0.14,40455826.0,0,日跌幅偏离值达到7%的前5只证券
20260521,002342.SZ,华泰证券股份有限公司岳阳岳阳大道证券营业部,45968235.0,1.18,5512409.0,0.14,40455826.0,0,日换手率达到20%的前5只证券
20260521,002342.SZ,华泰证券股份有限公司苏州吴中大道证券营业部,43459965.0,1.11,1948869.0,0.05,41511096.0,0,日跌幅偏离值达到7%的前5只证券
20260521,002342.SZ,华泰证券股份有限公司苏州吴中大道证券营业部,43459965.0,1.11,1948869.0,0.05,41511096.0,0,日换手率达到20%的前5只证券
20260521,002342.SZ,中国银河证券股份有限公司厦门湖滨中路证券营业部,1319435.0,0.03,580551850.88,14.89,-579232415.88,1,日跌幅偏离值达到7%的前5只证券
20260521,002342.SZ,中国银河证券股份有限公司厦门湖滨中路证券营业部,1319435.0,0.03,580551850.88,14.89,-579232415.88,1,日换手率达到20%的前5只证券
20260521,002342.SZ,东亚前海证券有限责任公司苏州分公司,136953.0,0.0,191809393.9,4.92,-191672440.9,1,日跌幅偏离值达到7%的前5只证券
20260521,002342.SZ,东亚前海证券有限责任公司苏州分公司,136953.0,0.0,191809393.9,4.92,-191672440.9,1,日换手率达到20%的前5只证券
20260521,002342.SZ,国信证券股份有限公司浙江互联网分公司,37689191.0,0.97,42148400.62,1.08,-4459209.62,1,日跌幅偏离值达到7%的前5只证券
20260521,002342.SZ,国信证券股份有限公司浙江互联网分公司,37689191.0,0.97,42148400.62,1.08,-4459209.62,1,日换手率达到20%的前5只证券
20260521,002342.SZ,东方财富证券股份有限公司拉萨金融城南环路证券营业部,36689290.21,0.94,34468171.0,0.88,2221119.21,1,日跌幅偏离值达到7%的前5只证券
20260521,002342.SZ,东方财富证券股份有限公司拉萨金融城南环路证券营业部,36689290.21,0.94,34468171.0,0.88,2221119.21,1,日换手率达到20%的前5只证券
20260521,002342.SZ,申万宏源证券有限公司上海闵行区莘松路证券营业部,1228510.0,0.03,30722602.0,0.79,-29494092.0,1,日跌幅偏离值达到7%的前5只证券
20260521,002342.SZ,申万宏源证券有限公司上海闵行区莘松路证券营业部,1228510.0,0.03,30722602.0,0.79,-29494092.0,1,日换手率达到20%的前5只证券
20260521,002421.SZ,深股通专用,54541977.0,1.39,48650181.74,1.24,5891795.26,0,日振幅值达到15%的前5只证券
20260521,002421.SZ,深股通专用,54541977.0,1.39,48650181.74,1.24,5891795.26,0,日换手率达到20%的前5只证券
20260521,002421.SZ,国信证券股份有限公司浙江互联网分公司,43999624.0,1.12,18874087.22,0.48,25125536.78,0,日振幅值达到15%的前5只证券
20260521,002421.SZ,国信证券股份有限公司浙江互联网分公司,43999624.0,1.12,18874087.22,0.48,25125536.78,0,日换手率达到20%的前5只证券
20260521,002421.SZ,中国银河证券股份有限公司北京中关村大街证券营业部,42540619.0,1.08,1472291.0,0.04,41068328.0,0,日振幅值达到15%的前5只证券
20260521,002421.SZ,中国银河证券股份有限公司北京中关村大街证券营业部,42540619.0,1.08,1472291.0,0.04,41068328.0,0,日换手率达到20%的前5只证券
20260521,002421.SZ,机构专用,40077339.95,1.02,3788875.0,0.1,36288464.95,0,日振幅值达到15%的前5只证券
20260521,002421.SZ,机构专用,40077339.95,1.02,3788875.0,0.1,36288464.95,0,日换手率达到20%的前5只证券
20260521,002421.SZ,东方财富证券股份有限公司昌都两江大道证券营业部,39243003.0,1.0,17475010.08,0.44,21767992.92,0,日振幅值达到15%的前5只证券
20260521,002421.SZ,东方财富证券股份有限公司昌都两江大道证券营业部,39243003.0,1.0,17475010.08,0.44,21767992.92,0,日换手率达到20%的前5只证券
20260521,002421.SZ,深股通专用,54541977.0,1.39,48650181.74,1.24,5891795.26,1,日振幅值达到15%的前5只证券
20260521,002421.SZ,深股通专用,54541977.0,1.39,48650181.74,1.24,5891795.26,1,日换手率达到20%的前5只证券
20260521,002421.SZ,国泰海通证券股份有限公司上海自贸试验区第二分公司,0.0,0.0,45243551.36,1.15,-45243551.36,1,日振幅值达到15%的前5只证券
20260521,002421.SZ,国泰海通证券股份有限公司上海自贸试验区第二分公司,0.0,0.0,45243551.36,1.15,-45243551.36,1,日换手率达到20%的前5只证券
20260521,002421.SZ,平安证券股份有限公司浙江分公司,6113590.0,0.16,43124355.0,1.1,-37010765.0,1,日振幅值达到15%的前5只证券
20260521,002421.SZ,平安证券股份有限公司浙江分公司,6113590.0,0.16,43124355.0,1.1,-37010765.0,1,日换手率达到20%的前5只证券
20260521,002421.SZ,平安证券股份有限公司杭州曙光路证券营业部,8346561.0,0.21,39437860.0,1.0,-31091299.0,1,日振幅值达到15%的前5只证券
20260521,002421.SZ,平安证券股份有限公司杭州曙光路证券营业部,8346561.0,0.21,39437860.0,1.0,-31091299.0,1,日换手率达到20%的前5只证券
20260521,002421.SZ,中信建投证券股份有限公司成都南一环路证券营业部,9389332.0,0.24,28130634.0,0.72,-18741302.0,1,日振幅值达到15%的前5只证券
20260521,002421.SZ,中信建投证券股份有限公司成都南一环路证券营业部,9389332.0,0.24,28130634.0,0.72,-18741302.0,1,日换手率达到20%的前5只证券
20260521,002442.SZ,平安证券股份有限公司杭州曙光路证券营业部,35942087.5,2.87,10588603.0,0.84,25353484.5,0,连续三个交易日内，涨幅偏离值累计达到20%的证券
20260521,002442.SZ,广发证券股份有限公司佛山顺德诚德路证券营业部,31801380.49,2.54,274770.0,0.02,31526610.49,0,连续三个交易日内，涨幅偏离值累计达到20%的证券
20260521,002442.SZ,平安证券股份有限公司浙江分公司,29983613.0,2.39,14187847.0,1.13,15795766.0,0,连续三个交易日内，涨幅偏离值累计达到20%的证券
20260521,002442.SZ,国金证券股份有限公司重庆江北嘴证券营业部,29954175.07,2.39,323768.0,0.03,29630407.07,0,连续三个交易日内，涨幅偏离值累计达到20%的证券
20260521,002442.SZ,机构专用,19559980.0,1.56,20856920.76,1.66,-1296940.76,0,连续三个交易日内，涨幅偏离值累计达到20%的证券
20260521,002442.SZ,首创证券股份有限公司石家庄祁连街证券营业部,0.0,0.0,52109033.0,4.16,-52109033.0,1,连续三个交易日内，涨幅偏离值累计达到20%的证券
20260521,002442.SZ,国元证券股份有限公司广州江南大道中路证券营业部,32593.0,0.0,39616263.46,3.16,-39583670.46,1,连续三个交易日内，涨幅偏离值累计达到20%的证券
20260521,002442.SZ,国信证券股份有限公司湖北分公司,78314.0,0.01,33660462.0,2.69,-33582148.0,1,连续三个交易日内，涨幅偏离值累计达到20%的证券
20260521,002442.SZ,机构专用,0.0,0.0,24136766.0,1.93,-24136766.0,1,连续三个交易日内，涨幅偏离值累计达到20%的证券
20260521,002442.SZ,机构专用,13934392.0,1.11,22130266.76,1.77,-8195874.76,1,连续三个交易日内，涨幅偏离值累计达到20%的证券
20260521,002491.SZ,深股通专用,121920962.43,3.51,130970237.25,3.77,-9049274.82,0,日跌幅偏离值达到7%的前5只证券
20260521,002491.SZ,机构专用,64011867.02,1.84,56742059.0,1.63,7269808.02,0,日跌幅偏离值达到7%的前5只证券
20260521,002491.SZ,机构专用,58517839.48,1.68,50465525.26,1.45,8052314.22,0,日跌幅偏离值达到7%的前5只证券
20260521,002491.SZ,机构专用,57519894.0,1.65,44858492.0,1.29,12661402.0,0,日跌幅偏离值达到7%的前5只证券
20260521,002491.SZ,国泰海通证券股份有限公司成都北一环路证券营业部,51401455.7,1.48,1373641.0,0.04,50027814.7,0,日跌幅偏离值达到7%的前5只证券
20260521,002491.SZ,深股通专用,121920962.43,3.51,130970237.25,3.77,-9049274.82,1,日跌幅偏离值达到7%的前5只证券
20260521,002491.SZ,招商证券股份有限公司上海闵行区申长路证券营业部,1242334.0,0.04,87515588.0,2.52,-86273254.0,1,日跌幅偏离值达到7%的前5只证券
20260521,002491.SZ,机构专用,64011867.02,1.84,56742059.0,1.63,7269808.02,1,日跌幅偏离值达到7%的前5只证券
20260521,002491.SZ,机构专用,58517839.48,1.68,50465525.26,1.45,8052314.22,1,日跌幅偏离值达到7%的前5只证券
20260521,002491.SZ,机构专用,57519894.0,1.65,44858492.0,1.29,12661402.0,1,日跌幅偏离值达到7%的前5只证券
20260521,002629.SZ,机构专用,4545526.0,1.83,4972671.0,2.0,-427145.0,0,日振幅值达到15%的前5只证券
20260521,002629.SZ,东方财富证券股份有限公司拉萨金融城南环路证券营业部,4030432.0,1.62,407125.0,0.16,3623307.0,0,日振幅值达到15%的前5只证券
20260521,002629.SZ,中信证券股份有限公司深圳分公司,3697620.0,1.49,365043.0,0.15,3332577.0,0,日振幅值达到15%的前5只证券
20260521,002629.SZ,机构专用,3190302.0,1.28,5881802.0,2.37,-2691500.0,0,日振幅值达到15%的前5只证券
20260521,002629.SZ,中国银河证券股份有限公司杭州迎宾路证券营业部,2985397.0,1.2,0.0,0.0,2985397.0,0,日振幅值达到15%的前5只证券
20260521,002629.SZ,机构专用,179816.0,0.07,14007280.0,5.64,-13827464.0,1,日振幅值达到15%的前5只证券
20260521,002629.SZ,国新证券股份有限公司海南分公司,0.0,0.0,7556034.0,3.04,-7556034.0,1,日振幅值达到15%的前5只证券
20260521,002629.SZ,国投证券股份有限公司招远温泉路证券营业部,90343.0,0.04,6811074.0,2.74,-6720731.0,1,日振幅值达到15%的前5只证券
20260521,002629.SZ,中泰证券股份有限公司北京自贸试验区证券营业部,0.0,0.0,6360159.0,2.56,-6360159.0,1,日振幅值达到15%的前5只证券
20260521,002629.SZ,机构专用,3190302.0,1.28,5881802.0,2.37,-2691500.0,1,日振幅值达到15%的前5只证券
20260521,002703.SZ,深股通专用,89775520.0,6.66,25969504.79,1.93,63806015.21,0,日涨幅偏离值达到7%的前5只证券
20260521,002703.SZ,开源证券股份有限公司西安太华路证券营业部,60564768.0,4.49,0.0,0.0,60564768.0,0,日涨幅偏离值达到7%的前5只证券
20260521,002703.SZ,国泰海通证券股份有限公司南京太平南路证券营业部,42371170.0,3.14,382066.0,0.03,41989104.0,0,日涨幅偏离值达到7%的前5只证券
20260521,002703.SZ,广发证券股份有限公司佛山顺德诚德路证券营业部,35282304.0,2.62,13944.0,0.0,35268360.0,0,日涨幅偏离值达到7%的前5只证券
20260521,002703.SZ,华鑫证券有限责任公司上海东大名路证券营业部,22300440.0,1.65,89640.0,0.01,22210800.0,0,日涨幅偏离值达到7%的前5只证券
20260521,002703.SZ,深股通专用,89775520.0,6.66,25969504.79,1.93,63806015.21,1,日涨幅偏离值达到7%的前5只证券
20260521,002703.SZ,光大证券股份有限公司东莞石龙裕兴路证券营业部,83324.0,0.01,19638614.0,1.46,-19555290.0,1,日涨幅偏离值达到7%的前5只证券
20260521,002703.SZ,光大证券股份有限公司上海徐汇区东安路证券营业部,0.0,0.0,12870115.0,0.95,-12870115.0,1,日涨幅偏离值达到7%的前5只证券
20260521,002703.SZ,机构专用,19142899.0,1.42,12790093.72,0.95,6352805.28,1,日涨幅偏离值达到7%的前5只证券
20260521,002703.SZ,东方财富证券股份有限公司拉萨金融城南环路证券营业部,2003081.0,0.15,11303320.0,0.84,-9300239.0,1,日涨幅偏离值达到7%的前5只证券
20260521,002795.SZ,机构专用,22463923.0,4.23,20745942.0,3.9,1717981.0,0,日振幅值达到15%的前5只证券
20260521,002795.SZ,机构专用,21013378.8,3.95,28890376.28,5.43,-7876997.48,0,日振幅值达到15%的前5只证券
20260521,002795.SZ,机构专用,15772221.96,2.97,11837331.88,2.23,3934890.08,0,日振幅值达到15%的前5只证券
20260521,002795.SZ,机构专用,9070025.0,1.71,6912479.0,1.3,2157546.0,0,日振幅值达到15%的前5只证券
20260521,002795.SZ,银泰证券有限责任公司上海长宁区延安西路证券营业部,8904312.0,1.68,0.0,0.0,8904312.0,0,日振幅值达到15%的前5只证券
20260521,002795.SZ,金融街证券股份有限公司上海第二分公司,304716.0,0.06,35893605.0,6.75,-35588889.0,1,日振幅值达到15%的前5只证券
20260521,002795.SZ,机构专用,21013378.8,3.95,28890376.28,5.43,-7876997.48,1,日振幅值达到15%的前5只证券
20260521,002795.SZ,机构专用,22463923.0,4.23,20745942.0,3.9,1717981.0,1,日振幅值达到15%的前5只证券
20260521,002795.SZ,申万宏源证券有限公司上海虹口区大连路证券营业部,2050.0,0.0,12809833.8,2.41,-12807783.8,1,日振幅值达到15%的前5只证券
20260521,002795.SZ,机构专用,741491.0,0.14,11957563.0,2.25,-11216072.0,1,日振幅值达到15%的前5只证券
20260521,002920.SZ,深股通专用,265662852.81,7.97,39327481.0,1.18,226335371.81,0,日涨幅偏离值达到7%的前5只证券
20260521,002920.SZ,机构专用,69438726.54,2.08,25858576.8,0.78,43580149.74,0,日涨幅偏离值达到7%的前5只证券
20260521,002920.SZ,机构专用,65613034.2,1.97,3652010.0,0.11,61961024.2,0,日涨幅偏离值达到7%的前5只证券
20260521,002920.SZ,开源证券股份有限公司西安太华路证券营业部,54194562.28,1.63,286489.0,0.01,53908073.28,0,日涨幅偏离值达到7%的前5只证券
20260521,002920.SZ,机构专用,51798252.85,1.55,12406891.0,0.37,39391361.85,0,日涨幅偏离值达到7%的前5只证券
20260521,002920.SZ,深股通专用,265662852.81,7.97,39327481.0,1.18,226335371.81,1,日涨幅偏离值达到7%的前5只证券
20260521,002920.SZ,机构专用,69438726.54,2.08,25858576.8,0.78,43580149.74,1,日涨幅偏离值达到7%的前5只证券
20260521,002920.SZ,东方财富证券股份有限公司拉萨东环路第二证券营业部,16240420.0,0.49,22738446.0,0.68,-6498026.0,1,日涨幅偏离值达到7%的前5只证券
20260521,002920.SZ,中信证券股份有限公司北京安外大街证券营业部,3120075.0,0.09,21566272.0,0.65,-18446197.0,1,日涨幅偏离值达到7%的前5只证券
20260521,002920.SZ,东方财富证券股份有限公司拉萨团结路第一证券营业部,8983076.3,0.27,20630417.0,0.62,-11647340.7,1,日涨幅偏离值达到7%的前5只证券
20260521,002931.SZ,机构专用,44717328.0,4.09,38837280.0,3.55,5880048.0,0,日涨幅偏离值达到7%的前5只证券
20260521,002931.SZ,机构专用,36194125.94,3.31,17785484.0,1.63,18408641.94,0,日涨幅偏离值达到7%的前5只证券
20260521,002931.SZ,机构专用,32694045.0,2.99,44109767.0,4.03,-11415722.0,0,日涨幅偏离值达到7%的前5只证券
20260521,002931.SZ,机构专用,24622434.0,2.25,18449321.0,1.69,6173113.0,0,日涨幅偏离值达到7%的前5只证券
20260521,002931.SZ,华鑫证券有限责任公司上海东大名路证券营业部,21030050.0,1.92,28146.0,0.0,21001904.0,0,日涨幅偏离值达到7%的前5只证券
20260521,002931.SZ,机构专用,32694045.0,2.99,44109767.0,4.03,-11415722.0,1,日涨幅偏离值达到7%的前5只证券
20260521,002931.SZ,机构专用,44717328.0,4.09,38837280.0,3.55,5880048.0,1,日涨幅偏离值达到7%的前5只证券
20260521,002931.SZ,机构专用,24622434.0,2.25,18449321.0,1.69,6173113.0,1,日涨幅偏离值达到7%的前5只证券
20260521,002931.SZ,机构专用,36194125.94,3.31,17785484.0,1.63,18408641.94,1,日涨幅偏离值达到7%的前5只证券
20260521,002931.SZ,华泰证券股份有限公司南通海安长江中路证券营业部,1827327.0,0.17,15981653.0,1.46,-14154326.0,1,日涨幅偏离值达到7%的前5只证券
20260521,003004.SZ,信达证券股份有限公司东莞元美路证券营业部,17866070.0,4.81,0.0,0.0,17866070.0,0,连续三个交易日内，涨幅偏离值累计达到20%的证券
20260521,003004.SZ,机构专用,11135939.97,3.0,5273626.0,1.42,5862313.97,0,连续三个交易日内，涨幅偏离值累计达到20%的证券
20260521,003004.SZ,光大证券股份有限公司深圳深湾一路证券营业部,10313881.98,2.78,0.0,0.0,10313881.98,0,连续三个交易日内，涨幅偏离值累计达到20%的证券
20260521,003004.SZ,中信建投证券股份有限公司上海营口路证券营业部,9373875.0,2.52,18124114.0,4.88,-8750239.0,0,连续三个交易日内，涨幅偏离值累计达到20%的证券
20260521,003004.SZ,中信证券股份有限公司上海溧阳路证券营业部,8437663.0,2.27,8451.0,0.0,8429212.0,0,连续三个交易日内，涨幅偏离值累计达到20%的证券
20260521,003004.SZ,联储证券股份有限公司陕西分公司,2796079.0,0.75,19571390.0,5.27,-16775311.0,1,连续三个交易日内，涨幅偏离值累计达到20%的证券
20260521,003004.SZ,中信建投证券股份有限公司上海营口路证券营业部,9373875.0,2.52,18124114.0,4.88,-8750239.0,1,连续三个交易日内，涨幅偏离值累计达到20%的证券
20260521,003004.SZ,华泰证券股份有限公司杭州学院路证券营业部,92440.0,0.02,10766140.0,2.9,-10673700.0,1,连续三个交易日内，涨幅偏离值累计达到20%的证券
20260521,003004.SZ,机构专用,7100101.0,1.91,10450231.5,2.81,-3350130.5,1,连续三个交易日内，涨幅偏离值累计达到20%的证券
20260521,003004.SZ,机构专用,4691425.0,1.26,10017512.0,2.7,-5326087.0,1,连续三个交易日内，涨幅偏离值累计达到20%的证券
20260521,200056.SZ,广发证券股份有限公司北京广安门内大街证券营业部,181588.0,35.84,0.0,0.0,181588.0,0,连续三个交易日内，跌幅偏离值累计达到12%的ST证券、*ST证券和未完成股改证券
20260521,200056.SZ,国信证券股份有限公司上海分公司,103676.0,20.46,0.0,0.0,103676.0,0,连续三个交易日内，跌幅偏离值累计达到12%的ST证券、*ST证券和未完成股改证券
20260521,200056.SZ,中信证券股份有限公司绍兴群贤路证券营业部,51794.0,10.22,49225.0,9.71,2569.0,0,连续三个交易日内，跌幅偏离值累计达到12%的ST证券、*ST证券和未完成股改证券
20260521,200056.SZ,中国中金财富证券有限公司杭州教工路证券营业部,31121.0,6.14,0.0,0.0,31121.0,0,连续三个交易日内，跌幅偏离值累计达到12%的ST证券、*ST证券和未完成股改证券
20260521,200056.SZ,中信证券(山东)有限责任公司潍坊分公司,17102.0,3.38,17630.0,3.48,-528.0,0,连续三个交易日内，跌幅偏离值累计达到12%的ST证券、*ST证券和未完成股改证券
20260521,200056.SZ,中信证券股份有限公司丽水寿尔福路证券营业部,0.0,0.0,171828.0,33.91,-171828.0,1,连续三个交易日内，跌幅偏离值累计达到12%的ST证券、*ST证券和未完成股改证券
20260521,200056.SZ,兴业证券股份有限公司漳州胜利东路证券营业部,0.0,0.0,57706.0,11.39,-57706.0,1,连续三个交易日内，跌幅偏离值累计达到12%的ST证券、*ST证券和未完成股改证券
20260521,200056.SZ,中信证券股份有限公司绍兴群贤路证券营业部,51794.0,10.22,49225.0,9.71,2569.0,1,连续三个交易日内，跌幅偏离值累计达到12%的ST证券、*ST证券和未完成股改证券
20260521,200056.SZ,方正证券股份有限公司深圳光明证券营业部,0.0,0.0,39741.0,7.84,-39741.0,1,连续三个交易日内，跌幅偏离值累计达到12%的ST证券、*ST证券和未完成股改证券
20260521,200056.SZ,中国银河证券股份有限公司佛山顺德容桂证券营业部,0.0,0.0,30364.0,5.99,-30364.0,1,连续三个交易日内，跌幅偏离值累计达到12%的ST证券、*ST证券和未完成股改证券
20260521,200468.SZ,国信证券股份有限公司深圳泰然九路证券营业部,189964.91,7.84,202839.27,8.37,-12874.36,0,日跌幅偏离值达到7%的前5只证券
20260521,200468.SZ,国信证券股份有限公司佛山分公司,131145.52,5.41,18411.9,0.76,112733.62,0,日跌幅偏离值达到7%的前5只证券
20260521,200468.SZ,广发证券股份有限公司江门天长路证券营业部,116759.25,4.82,0.0,0.0,116759.25,0,日跌幅偏离值达到7%的前5只证券
20260521,200468.SZ,招商证券股份有限公司武汉中北路证券营业部,104607.22,4.32,70331.2,2.9,34276.02,0,日跌幅偏离值达到7%的前5只证券
20260521,200468.SZ,国联民生证券股份有限公司无锡湖滨路证券营业部,101482.09,4.19,0.0,0.0,101482.09,0,日跌幅偏离值达到7%的前5只证券
20260521,200468.SZ,东吴证券股份有限公司常熟阜湖路证券营业部,0.0,0.0,496059.33,20.47,-496059.33,1,日跌幅偏离值达到7%的前5只证券
20260521,200468.SZ,国信证券股份有限公司广州东风中路证券营业部,3493.72,0.14,400171.56,16.51,-396677.84,1,日跌幅偏离值达到7%的前5只证券
20260521,200468.SZ,国信证券股份有限公司深圳泰然九路证券营业部,189964.91,7.84,202839.27,8.37,-12874.36,1,日跌幅偏离值达到7%的前5只证券
20260521,200468.SZ,广发证券股份有限公司佛山季华六路证券营业部,88382.38,3.65,126872.7,5.23,-38490.32,1,日跌幅偏离值达到7%的前5只证券
20260521,200468.SZ,中泰证券股份有限公司深圳分公司,81392.32,3.36,91371.26,3.77,-9978.94,1,日跌幅偏离值达到7%的前5只证券
20260521,300051.SZ,机构专用,39801162.92,5.8,65576113.84,9.56,-25774950.92,0,日跌幅达到15%的前5只证券
20260521,300051.SZ,机构专用,32482092.9,4.73,22595663.0,3.29,9886429.9,0,日跌幅达到15%的前5只证券
20260521,300051.SZ,东兴证券股份有限公司南京庐山路证券营业部,17511886.8,2.55,10442125.0,1.52,7069761.8,0,日跌幅达到15%的前5只证券
20260521,300051.SZ,机构专用,15445115.0,2.25,41208741.0,6.01,-25763626.0,0,日跌幅达到15%的前5只证券
20260521,300051.SZ,机构专用,8870896.0,1.29,10822928.0,1.58,-1952032.0,0,日跌幅达到15%的前5只证券
20260521,300051.SZ,机构专用,39801162.92,5.8,65576113.84,9.56,-25774950.92,1,日跌幅达到15%的前5只证券
20260521,300051.SZ,机构专用,15445115.0,2.25,41208741.0,6.01,-25763626.0,1,日跌幅达到15%的前5只证券
20260521,300051.SZ,机构专用,32482092.9,4.73,22595663.0,3.29,9886429.9,1,日跌幅达到15%的前5只证券
20260521,300051.SZ,中国国际金融股份有限公司上海分公司,8784487.0,1.28,17172696.0,2.5,-8388209.0,1,日跌幅达到15%的前5只证券
20260521,300051.SZ,机构专用,1392058.0,0.2,14754646.0,2.15,-13362588.0,1,日跌幅达到15%的前5只证券
20260521,300069.SZ,东吴证券股份有限公司苏州石路证券营业部,13151910.0,27.46,0.0,0.0,13151910.0,0,连续三个交易日内，涨幅偏离值累计达到30%的证券
20260521,300069.SZ,东吴证券股份有限公司苏州石路证券营业部,13151910.0,57.59,0.0,0.0,13151910.0,0,日涨幅达到15%的前5只证券
20260521,300069.SZ,东海证券股份有限公司青岛南京路证券营业部,10894824.0,22.75,0.0,0.0,10894824.0,0,连续三个交易日内，涨幅偏离值累计达到30%的证券
20260521,300069.SZ,国金证券股份有限公司上海静安区南京西路证券营业部,10593720.0,22.12,0.0,0.0,10593720.0,0,连续三个交易日内，涨幅偏离值累计达到30%的证券
20260521,300069.SZ,中国银河证券股份有限公司重庆渝中证券营业部,5177050.0,10.81,0.0,0.0,5177050.0,0,连续三个交易日内，涨幅偏离值累计达到30%的证券
20260521,300069.SZ,中国银河证券股份有限公司重庆渝中证券营业部,5177050.0,22.67,0.0,0.0,5177050.0,0,日涨幅达到15%的前5只证券
20260521,300069.SZ,德邦证券股份有限公司上海乍浦路证券营业部,4507338.0,9.41,0.0,0.0,4507338.0,0,连续三个交易日内，涨幅偏离值累计达到30%的证券
20260521,300069.SZ,德邦证券股份有限公司上海乍浦路证券营业部,4507338.0,19.74,0.0,0.0,4507338.0,0,日涨幅达到15%的前5只证券
20260521,300069.SZ,机构专用,0.0,0.0,2736330.0,5.71,-2736330.0,1,连续三个交易日内，涨幅偏离值累计达到30%的证券
20260521,300069.SZ,华泰证券股份有限公司武汉友谊大道证券营业部,0.0,0.0,1773576.0,3.7,-1773576.0,1,连续三个交易日内，涨幅偏离值累计达到30%的证券
20260521,300069.SZ,粤开证券股份有限公司深圳深南大道证券营业部,0.0,0.0,1740370.0,7.62,-1740370.0,1,日涨幅达到15%的前5只证券
20260521,300069.SZ,粤开证券股份有限公司深圳深南大道证券营业部,0.0,0.0,1740370.0,3.63,-1740370.0,1,连续三个交易日内，涨幅偏离值累计达到30%的证券
20260521,300069.SZ,机构专用,0.0,0.0,1396790.0,2.92,-1396790.0,1,连续三个交易日内，涨幅偏离值累计达到30%的证券
20260521,300069.SZ,浙商证券股份有限公司深圳分公司,0.0,0.0,1222776.0,2.55,-1222776.0,1,连续三个交易日内，涨幅偏离值累计达到30%的证券
20260521,300069.SZ,中信证券股份有限公司上海长宁区红宝石路证券营业部,0.0,0.0,1101500.0,4.82,-1101500.0,1,日涨幅达到15%的前5只证券
20260521,300069.SZ,华泰证券股份有限公司北京雍和宫证券营业部,0.0,0.0,1057440.0,4.63,-1057440.0,1,日涨幅达到15%的前5只证券
20260521,300069.SZ,东北证券股份有限公司深圳科技园分公司,0.0,0.0,881200.0,3.86,-881200.0,1,日涨幅达到15%的前5只证券
20260521,300069.SZ,中航证券有限公司襄阳新华路证券营业部,0.0,0.0,815110.0,3.57,-815110.0,1,日涨幅达到15%的前5只证券
20260521,300606.SZ,机构专用,51547138.0,4.89,74651921.8,7.08,-23104783.8,0,日跌幅达到15%的前5只证券
20260521,300606.SZ,机构专用,27943286.0,2.65,50671888.0,4.81,-22728602.0,0,日跌幅达到15%的前5只证券
20260521,300606.SZ,中信证券股份有限公司如皋福寿路证券营业部,11297106.0,1.07,428679.0,0.04,10868427.0,0,日跌幅达到15%的前5只证券
20260521,300606.SZ,机构专用,10905568.0,1.03,36666695.5,3.48,-25761127.5,0,日跌幅达到15%的前5只证券
20260521,300606.SZ,中国国际金融股份有限公司上海分公司,9994819.0,0.95,15291697.0,1.45,-5296878.0,0,日跌幅达到15%的前5只证券
20260521,300606.SZ,机构专用,51547138.0,4.89,74651921.8,7.08,-23104783.8,1,日跌幅达到15%的前5只证券
20260521,300606.SZ,机构专用,27943286.0,2.65,50671888.0,4.81,-22728602.0,1,日跌幅达到15%的前5只证券
20260521,300606.SZ,机构专用,10905568.0,1.03,36666695.5,3.48,-25761127.5,1,日跌幅达到15%的前5只证券
20260521,300606.SZ,机构专用,7984493.0,0.76,28099683.0,2.67,-20115190.0,1,日跌幅达到15%的前5只证券
20260521,300606.SZ,机构专用,5284294.0,0.5,22293212.0,2.11,-17008918.0,1,日跌幅达到15%的前5只证券
20260521,300658.SZ,机构专用,56503781.4,4.01,22724143.0,1.61,33779638.4,0,连续三个交易日内，跌幅偏离值累计达到30%的证券
20260521,300658.SZ,机构专用,41567349.0,2.95,20180672.6,1.43,21386676.4,0,连续三个交易日内，跌幅偏离值累计达到30%的证券
20260521,300658.SZ,中国银河证券股份有限公司北京中关村大街证券营业部,31444015.0,2.23,24402416.6,1.73,7041598.4,0,连续三个交易日内，跌幅偏离值累计达到30%的证券
20260521,300658.SZ,机构专用,30873467.2,2.19,11556973.7,0.82,19316493.5,0,连续三个交易日内，跌幅偏离值累计达到30%的证券
20260521,300658.SZ,机构专用,25919318.0,1.84,9733025.3,0.69,16186292.7,0,连续三个交易日内，跌幅偏离值累计达到30%的证券
20260521,300658.SZ,机构专用,14385227.8,1.02,33368082.0,2.37,-18982854.2,1,连续三个交易日内，跌幅偏离值累计达到30%的证券
20260521,300658.SZ,中国银河证券股份有限公司北京中关村大街证券营业部,31444015.0,2.23,24402416.6,1.73,7041598.4,1,连续三个交易日内，跌幅偏离值累计达到30%的证券
20260521,300658.SZ,机构专用,56503781.4,4.01,22724143.0,1.61,33779638.4,1,连续三个交易日内，跌幅偏离值累计达到30%的证券
20260521,300658.SZ,机构专用,41567349.0,2.95,20180672.6,1.43,21386676.4,1,连续三个交易日内，跌幅偏离值累计达到30%的证券
20260521,300658.SZ,机构专用,0.0,0.0,19009214.4,1.35,-19009214.4,1,连续三个交易日内，跌幅偏离值累计达到30%的证券
20260521,301013.SZ,深股通专用,140164242.79,5.04,121282423.42,4.36,18881819.37,0,日换手率达到30%的前5只证券
20260521,301013.SZ,机构专用,75831895.36,2.72,49957476.95,1.79,25874418.41,0,日换手率达到30%的前5只证券
20260521,301013.SZ,机构专用,74933401.24,2.69,9152111.4,0.33,65781289.84,0,日换手率达到30%的前5只证券
20260521,301013.SZ,机构专用,46313965.97,1.66,25011652.54,0.9,21302313.43,0,日换手率达到30%的前5只证券
20260521,301013.SZ,国泰海通证券股份有限公司成都龙腾东路营业部,45460898.52,1.63,3148256.0,0.11,42312642.52,0,日换手率达到30%的前5只证券
20260521,301013.SZ,深股通专用,140164242.79,5.04,121282423.42,4.36,18881819.37,1,日换手率达到30%的前5只证券
20260521,301013.SZ,国泰海通证券股份有限公司武汉紫阳东路证券营业部,1368984.0,0.05,79574652.0,2.86,-78205668.0,1,日换手率达到30%的前5只证券
20260521,301013.SZ,开源证券股份有限公司西安太华路证券营业部,6784.0,0.0,57644218.25,2.07,-57637434.25,1,日换手率达到30%的前5只证券
20260521,301013.SZ,华鑫证券有限责任公司上海陆家嘴证券营业部,1909478.0,0.07,50502687.0,1.81,-48593209.0,1,日换手率达到30%的前5只证券
20260521,301013.SZ,机构专用,75831895.36,2.72,49957476.95,1.79,25874418.41,1,日换手率达到30%的前5只证券
20260521,301139.SZ,东方财富证券股份有限公司拉萨金融城南环路证券营业部,5887194.0,1.43,3011851.44,0.73,2875342.56,0,连续三个交易日内，涨幅偏离值累计达到30%的证券
20260521,301139.SZ,东方财富证券股份有限公司拉萨团结路第一证券营业部,5023693.73,1.22,4035082.31,0.98,988611.42,0,连续三个交易日内，涨幅偏离值累计达到30%的证券
20260521,301139.SZ,东方财富证券股份有限公司拉萨东环路第二证券营业部,4176043.29,1.02,2397911.97,0.58,1778131.32,0,连续三个交易日内，涨幅偏离值累计达到30%的证券
20260521,301139.SZ,浙商证券股份有限公司金华分公司,4170574.9,1.01,1814922.4,0.44,2355652.5,0,连续三个交易日内，涨幅偏离值累计达到30%的证券
20260521,301139.SZ,东方财富证券股份有限公司拉萨东环路第一证券营业部,4055106.0,0.99,2938376.0,0.71,1116730.0,0,连续三个交易日内，涨幅偏离值累计达到30%的证券
20260521,301139.SZ,东方财富证券股份有限公司拉萨团结路第一证券营业部,2980850.17,1.35,2118827.31,0.96,862022.86,0,日换手率达到30%的前5只证券
20260521,301139.SZ,东方财富证券股份有限公司拉萨团结路第一证券营业部,2980850.17,1.35,2118827.31,0.96,862022.86,0,日振幅值达到30%的前5只证券
20260521,301139.SZ,东方财富证券股份有限公司拉萨金融城南环路证券营业部,2795936.0,1.27,2691702.44,1.22,104233.56,0,日换手率达到30%的前5只证券
20260521,301139.SZ,东方财富证券股份有限公司拉萨金融城南环路证券营业部,2795936.0,1.27,2691702.44,1.22,104233.56,0,日振幅值达到30%的前5只证券
20260521,301139.SZ,东方财富证券股份有限公司昌都两江大道证券营业部,2756812.14,1.25,1253320.0,0.57,1503492.14,0,日换手率达到30%的前5只证券
20260521,301139.SZ,东方财富证券股份有限公司昌都两江大道证券营业部,2756812.14,1.25,1253320.0,0.57,1503492.14,0,日振幅值达到30%的前5只证券
20260521,301139.SZ,浙商证券股份有限公司金华分公司,2683117.02,1.22,1703902.4,0.77,979214.62,0,日换手率达到30%的前5只证券
20260521,301139.SZ,浙商证券股份有限公司金华分公司,2683117.02,1.22,1703902.4,0.77,979214.62,0,日振幅值达到30%的前5只证券
20260521,301139.SZ,东方财富证券股份有限公司拉萨东环路第二证券营业部,2627891.29,1.19,1666417.97,0.76,961473.32,0,日换手率达到30%的前5只证券
20260521,301139.SZ,东方财富证券股份有限公司拉萨东环路第二证券营业部,2627891.29,1.19,1666417.97,0.76,961473.32,0,日振幅值达到30%的前5只证券
20260521,301139.SZ,中信证券股份有限公司温岭万昌中路证券营业部,519397.0,0.13,4126854.72,1.0,-3607457.72,1,连续三个交易日内，涨幅偏离值累计达到30%的证券
20260521,301139.SZ,中信证券股份有限公司温岭万昌中路证券营业部,451712.0,0.21,4109817.72,1.87,-3658105.72,1,日振幅值达到30%的前5只证券
20260521,301139.SZ,中信证券股份有限公司温岭万昌中路证券营业部,451712.0,0.21,4109817.72,1.87,-3658105.72,1,日换手率达到30%的前5只证券
20260521,301139.SZ,东方财富证券股份有限公司拉萨团结路第一证券营业部,5023693.73,1.22,4035082.31,0.98,988611.42,1,连续三个交易日内，涨幅偏离值累计达到30%的证券
20260521,301139.SZ,东海证券股份有限公司常州劳动西路证券营业部,2100884.0,0.51,3419737.0,0.83,-1318853.0,1,连续三个交易日内，涨幅偏离值累计达到30%的证券
20260521,301139.SZ,东海证券股份有限公司常州劳动西路证券营业部,0.0,0.0,3369337.0,1.53,-3369337.0,1,日振幅值达到30%的前5只证券
20260521,301139.SZ,东海证券股份有限公司常州劳动西路证券营业部,0.0,0.0,3369337.0,1.53,-3369337.0,1,日换手率达到30%的前5只证券
20260521,301139.SZ,粤开证券股份有限公司惠州分公司,2002940.0,0.49,3066111.0,0.75,-1063171.0,1,连续三个交易日内，涨幅偏离值累计达到30%的证券
20260521,301139.SZ,粤开证券股份有限公司惠州分公司,13101.0,0.01,3062625.0,1.39,-3049524.0,1,日振幅值达到30%的前5只证券
20260521,301139.SZ,粤开证券股份有限公司惠州分公司,13101.0,0.01,3062625.0,1.39,-3049524.0,1,日换手率达到30%的前5只证券
20260521,301139.SZ,东方财富证券股份有限公司拉萨金融城南环路证券营业部,5887194.0,1.43,3011851.44,0.73,2875342.56,1,连续三个交易日内，涨幅偏离值累计达到30%的证券
20260521,301139.SZ,中信建投证券股份有限公司北京望京证券营业部,10780.0,0.0,2744102.0,1.25,-2733322.0,1,日振幅值达到30%的前5只证券
20260521,301139.SZ,中信建投证券股份有限公司北京望京证券营业部,10780.0,0.0,2744102.0,1.25,-2733322.0,1,日换手率达到30%的前5只证券
20260521,301139.SZ,东方财富证券股份有限公司拉萨金融城南环路证券营业部,2795936.0,1.27,2691702.44,1.22,104233.56,1,日振幅值达到30%的前5只证券
20260521,301139.SZ,东方财富证券股份有限公司拉萨金融城南环路证券营业部,2795936.0,1.27,2691702.44,1.22,104233.56,1,日换手率达到30%的前5只证券
20260521,301316.SZ,深股通专用,217690705.1,8.02,203802812.44,7.51,13887892.66,0,日跌幅达到15%的前5只证券
20260521,301316.SZ,机构专用,109029516.95,4.02,84714218.7,3.12,24315298.25,0,日跌幅达到15%的前5只证券
20260521,301316.SZ,机构专用,55919115.0,2.06,49989623.65,1.84,5929491.35,0,日跌幅达到15%的前5只证券
20260521,301316.SZ,机构专用,36067402.57,1.33,51954205.73,1.92,-15886803.16,0,日跌幅达到15%的前5只证券
20260521,301316.SZ,中信证券股份有限公司杭州玉皇山南基金小镇证券营业部,31547490.0,1.16,2435026.0,0.09,29112464.0,0,日跌幅达到15%的前5只证券
20260521,301316.SZ,深股通专用,217690705.1,8.02,203802812.44,7.51,13887892.66,1,日跌幅达到15%的前5只证券
20260521,301316.SZ,机构专用,109029516.95,4.02,84714218.7,3.12,24315298.25,1,日跌幅达到15%的前5只证券
20260521,301316.SZ,机构专用,0.0,0.0,52771819.95,1.95,-52771819.95,1,日跌幅达到15%的前5只证券
20260521,301316.SZ,机构专用,36067402.57,1.33,51954205.73,1.92,-15886803.16,1,日跌幅达到15%的前5只证券
20260521,301316.SZ,机构专用,55919115.0,2.06,49989623.65,1.84,5929491.35,1,日跌幅达到15%的前5只证券
20260521,301421.SZ,深股通专用,180152962.58,8.65,107102272.13,5.14,73050690.45,0,日换手率达到30%的前5只证券
20260521,301421.SZ,华泰证券股份有限公司深圳前海证券营业部,48155499.82,2.31,2098547.0,0.1,46056952.82,0,日换手率达到30%的前5只证券
20260521,301421.SZ,机构专用,45538614.76,2.19,15866808.0,0.76,29671806.76,0,日换手率达到30%的前5只证券
20260521,301421.SZ,东方财富证券股份有限公司拉萨东环路第一证券营业部,37016996.44,1.78,7379644.0,0.35,29637352.44,0,日换手率达到30%的前5只证券
20260521,301421.SZ,机构专用,36799214.42,1.77,5662528.0,0.27,31136686.42,0,日换手率达到30%的前5只证券
20260521,301421.SZ,深股通专用,180152962.58,8.65,107102272.13,5.14,73050690.45,1,日换手率达到30%的前5只证券
20260521,301421.SZ,上海证券有限责任公司徐汇区高安路证券营业部,163721.0,0.01,36195168.0,1.74,-36031447.0,1,日换手率达到30%的前5只证券
20260521,301421.SZ,机构专用,0.0,0.0,33529198.86,1.61,-33529198.86,1,日换手率达到30%的前5只证券
20260521,301421.SZ,国泰海通证券股份有限公司北京亦庄宏达北路证券营业部,118382.0,0.01,27096847.0,1.3,-26978465.0,1,日换手率达到30%的前5只证券
20260521,301421.SZ,开源证券股份有限公司天津六纬路证券营业部,0.0,0.0,24938106.44,1.2,-24938106.44,1,日换手率达到30%的前5只证券
20260521,301531.SZ,机构专用,62964341.49,3.53,27100323.03,1.52,35864018.46,0,日换手率达到30%的前5只证券
20260521,301531.SZ,机构专用,47272191.5,2.65,5407635.1,0.3,41864556.4,0,日换手率达到30%的前5只证券
20260521,301531.SZ,机构专用,34881538.57,1.95,29876374.62,1.67,5005163.95,0,日换手率达到30%的前5只证券
20260521,301531.SZ,机构专用,30105086.11,1.69,50500040.48,2.83,-20394954.37,0,日换手率达到30%的前5只证券
20260521,301531.SZ,机构专用,24321343.0,1.36,13631325.88,0.76,10690017.12,0,日换手率达到30%的前5只证券
20260521,301531.SZ,招商证券股份有限公司深圳红岭路证券营业部,481027.0,0.03,69634054.01,3.9,-69153027.01,1,日换手率达到30%的前5只证券
20260521,301531.SZ,中国银河证券股份有限公司宜昌新世纪证券营业部,65618.0,0.0,67744257.83,3.79,-67678639.83,1,日换手率达到30%的前5只证券
20260521,301531.SZ,机构专用,30105086.11,1.69,50500040.48,2.83,-20394954.37,1,日换手率达到30%的前5只证券
20260521,301531.SZ,机构专用,34881538.57,1.95,29876374.62,1.67,5005163.95,1,日换手率达到30%的前5只证券
20260521,301531.SZ,机构专用,62964341.49,3.53,27100323.03,1.52,35864018.46,1,日换手率达到30%的前5只证券
20260521,301599.SZ,机构专用,110889062.74,4.93,38184627.0,1.7,72704435.74,0,日换手率达到30%的前5只证券
20260521,301599.SZ,机构专用,81515018.4,3.63,43279736.08,1.93,38235282.32,0,日换手率达到30%的前5只证券
20260521,301599.SZ,机构专用,56289241.6,2.5,53617015.76,2.38,2672225.84,0,日换手率达到30%的前5只证券
20260521,301599.SZ,中国国际金融股份有限公司上海分公司,51621555.0,2.3,3285167.0,0.15,48336388.0,0,日换手率达到30%的前5只证券
20260521,301599.SZ,机构专用,45195086.62,2.01,18170452.16,0.81,27024634.46,0,日换手率达到30%的前5只证券
20260521,301599.SZ,中国银河证券股份有限公司宜昌新世纪证券营业部,79562.0,0.0,89657747.21,3.99,-89578185.21,1,日换手率达到30%的前5只证券
20260521,301599.SZ,机构专用,56289241.6,2.5,53617015.76,2.38,2672225.84,1,日换手率达到30%的前5只证券
20260521,301599.SZ,机构专用,81515018.4,3.63,43279736.08,1.93,38235282.32,1,日换手率达到30%的前5只证券
20260521,301599.SZ,机构专用,110889062.74,4.93,38184627.0,1.7,72704435.74,1,日换手率达到30%的前5只证券
20260521,301599.SZ,机构专用,39287505.82,1.75,27761197.24,1.23,11526308.58,1,日换手率达到30%的前5只证券
20260521,600130.SH,中信证券股份有限公司上海溧阳路证券营业部,15025708.0,2.35,,,15025708.0,0,有价格涨跌幅限制的日收盘价格跌幅偏离值达到7%的前五只证券
20260521,600130.SH,国泰海通证券股份有限公司总部,7981698.0,1.25,,,7981698.0,0,有价格涨跌幅限制的日收盘价格跌幅偏离值达到7%的前五只证券
20260521,600130.SH,华泰证券股份有限公司常州和平北路证券营业部,6761183.0,1.06,,,6761183.0,0,有价格涨跌幅限制的日收盘价格跌幅偏离值达到7%的前五只证券
20260521,600130.SH,中信建投证券股份有限公司吉林解放东路证券营业部,5744469.0,0.9,,,5744469.0,0,有价格涨跌幅限制的日收盘价格跌幅偏离值达到7%的前五只证券
20260521,600130.SH,中国国际金融股份有限公司上海分公司,5200099.0,0.81,,,5200099.0,0,有价格涨跌幅限制的日收盘价格跌幅偏离值达到7%的前五只证券
20260521,600130.SH,国泰海通证券股份有限公司总部,,,16265236.0,2.54,-16265236.0,1,有价格涨跌幅限制的日收盘价格跌幅偏离值达到7%的前五只证券
20260521,600130.SH,高盛(中国)证券有限责任公司上海浦东新区世纪大道证券营业部,,,14424382.0,2.25,-14424382.0,1,有价格涨跌幅限制的日收盘价格跌幅偏离值达到7%的前五只证券
20260521,600130.SH,中信证券股份有限公司上海溧阳路证券营业部,,,10974990.0,1.71,-10974990.0,1,有价格涨跌幅限制的日收盘价格跌幅偏离值达到7%的前五只证券
20260521,600130.SH,摩根大通证券(中国)有限公司上海银城中路证券营业部,,,9451782.0,1.48,-9451782.0,1,有价格涨跌幅限制的日收盘价格跌幅偏离值达到7%的前五只证券
20260521,600130.SH,西南证券股份有限公司重庆北碚分公司,,,9319135.22,1.45,-9319135.22,1,有价格涨跌幅限制的日收盘价格跌幅偏离值达到7%的前五只证券
20260521,600156.SH,国泰海通证券股份有限公司总部,49462157.1,4.04,,,49462157.1,0,有价格涨跌幅限制的日价格振幅达到15%的前五只证券
20260521,600156.SH,国泰海通证券股份有限公司总部,49462157.1,4.04,,,49462157.1,0,有价格涨跌幅限制的日收盘价格涨幅偏离值达到7%的前五只证券
20260521,600156.SH,高盛(中国)证券有限责任公司上海浦东新区世纪大道证券营业部,49180968.0,4.02,,,49180968.0,0,有价格涨跌幅限制的日价格振幅达到15%的前五只证券
20260521,600156.SH,高盛(中国)证券有限责任公司上海浦东新区世纪大道证券营业部,49180968.0,4.02,,,49180968.0,0,有价格涨跌幅限制的日收盘价格涨幅偏离值达到7%的前五只证券
20260521,600156.SH,国盛证券股份有限公司杭州建设三路证券营业部,44493098.0,3.64,,,44493098.0,0,有价格涨跌幅限制的日价格振幅达到15%的前五只证券
20260521,600156.SH,国盛证券股份有限公司杭州建设三路证券营业部,44493098.0,3.64,,,44493098.0,0,有价格涨跌幅限制的日收盘价格涨幅偏离值达到7%的前五只证券
20260521,600156.SH,国新证券股份有限公司北京分公司,32463080.0,2.65,,,32463080.0,0,有价格涨跌幅限制的日价格振幅达到15%的前五只证券
20260521,600156.SH,国新证券股份有限公司北京分公司,32463080.0,2.65,,,32463080.0,0,有价格涨跌幅限制的日收盘价格涨幅偏离值达到7%的前五只证券
20260521,600156.SH,瑞银证券有限责任公司上海花园石桥路证券营业部,31901916.0,2.61,,,31901916.0,0,有价格涨跌幅限制的日价格振幅达到15%的前五只证券
20260521,600156.SH,瑞银证券有限责任公司上海花园石桥路证券营业部,31901916.0,2.61,,,31901916.0,0,有价格涨跌幅限制的日收盘价格涨幅偏离值达到7%的前五只证券
20260521,600156.SH,国泰海通证券股份有限公司济南舜华路证券营业部,,,39135515.0,3.2,-39135515.0,1,有价格涨跌幅限制的日价格振幅达到15%的前五只证券
20260521,600156.SH,国泰海通证券股份有限公司济南舜华路证券营业部,,,39135515.0,3.2,-39135515.0,1,有价格涨跌幅限制的日收盘价格涨幅偏离值达到7%的前五只证券
20260521,600156.SH,东方证券股份有限公司汕头长平路证券营业部,,,20581032.0,1.68,-20581032.0,1,有价格涨跌幅限制的日价格振幅达到15%的前五只证券
20260521,600156.SH,东方证券股份有限公司汕头长平路证券营业部,,,20581032.0,1.68,-20581032.0,1,有价格涨跌幅限制的日收盘价格涨幅偏离值达到7%的前五只证券
20260521,600156.SH,中信证券华南股份有限公司广州花都曙光路证券营业部,,,19667918.72,1.61,-19667918.72,1,有价格涨跌幅限制的日价格振幅达到15%的前五只证券
20260521,600156.SH,中信证券华南股份有限公司广州花都曙光路证券营业部,,,19667918.72,1.61,-19667918.72,1,有价格涨跌幅限制的日收盘价格涨幅偏离值达到7%的前五只证券
20260521,600156.SH,国金证券股份有限公司南京双龙大道证券营业部,,,16714672.0,1.37,-16714672.0,1,有价格涨跌幅限制的日价格振幅达到15%的前五只证券
20260521,600156.SH,国金证券股份有限公司南京双龙大道证券营业部,,,16714672.0,1.37,-16714672.0,1,有价格涨跌幅限制的日收盘价格涨幅偏离值达到7%的前五只证券
20260521,600156.SH,麦高证券有限责任公司苏州干将东路证券营业部,,,15573953.0,1.27,-15573953.0,1,有价格涨跌幅限制的日价格振幅达到15%的前五只证券
20260521,600156.SH,麦高证券有限责任公司苏州干将东路证券营业部,,,15573953.0,1.27,-15573953.0,1,有价格涨跌幅限制的日收盘价格涨幅偏离值达到7%的前五只证券
20260521,600208.SH,国泰海通证券股份有限公司总部,66826373.0,3.94,,,66826373.0,0,有价格涨跌幅限制的日收盘价格跌幅偏离值达到7%的前五只证券
20260521,600208.SH,沪股通专用,46040463.95,2.71,,,46040463.95,0,有价格涨跌幅限制的日收盘价格跌幅偏离值达到7%的前五只证券
20260521,600208.SH,兴业证券股份有限公司成都航空路证券营业部,20611663.0,1.22,,,20611663.0,0,有价格涨跌幅限制的日收盘价格跌幅偏离值达到7%的前五只证券
20260521,600208.SH,方正证券股份有限公司杭州滨江通和路证券营业部,19342650.0,1.14,,,19342650.0,0,有价格涨跌幅限制的日收盘价格跌幅偏离值达到7%的前五只证券
20260521,600208.SH,瑞银证券有限责任公司上海花园石桥路证券营业部,17962667.0,1.06,,,17962667.0,0,有价格涨跌幅限制的日收盘价格跌幅偏离值达到7%的前五只证券
20260521,600208.SH,沪股通专用,,,67730377.54,3.99,-67730377.54,1,有价格涨跌幅限制的日收盘价格跌幅偏离值达到7%的前五只证券
20260521,600208.SH,长城证券股份有限公司深圳后海中心路证券营业部,,,56867246.0,3.35,-56867246.0,1,有价格涨跌幅限制的日收盘价格跌幅偏离值达到7%的前五只证券
20260521,600208.SH,机构专用,,,37206600.0,2.19,-37206600.0,1,有价格涨跌幅限制的日收盘价格跌幅偏离值达到7%的前五只证券
20260521,600208.SH,广发证券股份有限公司郑州农业路证券营业部,,,25714981.0,1.52,-25714981.0,1,有价格涨跌幅限制的日收盘价格跌幅偏离值达到7%的前五只证券
20260521,600208.SH,申万宏源证券有限公司上海闵行区东川路证券营业部,,,24064942.9,1.42,-24064942.9,1,有价格涨跌幅限制的日收盘价格跌幅偏离值达到7%的前五只证券
20260521,600246.SH,沪股通专用,557248046.4,6.11,,,557248046.4,0,非ST、*ST和S证券连续三个交易日内收盘价格涨幅偏离值累计达到20%的证券
20260521,600246.SH,国泰海通证券股份有限公司总部,239252167.16,2.62,,,239252167.16,0,非ST、*ST和S证券连续三个交易日内收盘价格涨幅偏离值累计达到20%的证券
20260521,600246.SH,高盛(中国)证券有限责任公司上海浦东新区世纪大道证券营业部,138035037.9,1.51,,,138035037.9,0,非ST、*ST和S证券连续三个交易日内收盘价格涨幅偏离值累计达到20%的证券
20260521,600246.SH,国盛证券股份有限公司宁波桑田路证券营业部,129826086.04,1.42,,,129826086.04,0,非ST、*ST和S证券连续三个交易日内收盘价格涨幅偏离值累计达到20%的证券
20260521,600246.SH,瑞银证券有限责任公司上海花园石桥路证券营业部,115069502.4,1.26,,,115069502.4,0,非ST、*ST和S证券连续三个交易日内收盘价格涨幅偏离值累计达到20%的证券
20260521,600246.SH,沪股通专用,,,418080482.86,4.58,-418080482.86,1,非ST、*ST和S证券连续三个交易日内收盘价格涨幅偏离值累计达到20%的证券
20260521,600246.SH,国泰海通证券股份有限公司总部,,,189254409.89,2.07,-189254409.89,1,非ST、*ST和S证券连续三个交易日内收盘价格涨幅偏离值累计达到20%的证券
20260521,600246.SH,高盛(中国)证券有限责任公司上海浦东新区世纪大道证券营业部,,,121472449.73,1.33,-121472449.73,1,非ST、*ST和S证券连续三个交易日内收盘价格涨幅偏离值累计达到20%的证券
20260521,600246.SH,摩根大通证券(中国)有限公司上海银城中路证券营业部,,,101629347.65,1.11,-101629347.65,1,非ST、*ST和S证券连续三个交易日内收盘价格涨幅偏离值累计达到20%的证券
20260521,600246.SH,瑞银证券有限责任公司上海花园石桥路证券营业部,,,95277869.6,1.04,-95277869.6,1,非ST、*ST和S证券连续三个交易日内收盘价格涨幅偏离值累计达到20%的证券
20260521,600303.SH,华泰证券股份有限公司总部,19295064.0,6.04,,,19295064.0,0,有价格涨跌幅限制的日收盘价格涨幅偏离值达到7%的前五只证券
20260521,600303.SH,开源证券股份有限公司西安西大街证券营业部,10446612.0,3.27,,,10446612.0,0,有价格涨跌幅限制的日收盘价格涨幅偏离值达到7%的前五只证券
20260521,600303.SH,开源证券股份有限公司西安太华路证券营业部,10413566.0,3.26,,,10413566.0,0,有价格涨跌幅限制的日收盘价格涨幅偏离值达到7%的前五只证券
20260521,600303.SH,长江证券股份有限公司合肥徽州大道证券营业部,8867922.4,2.77,,,8867922.4,0,有价格涨跌幅限制的日收盘价格涨幅偏离值达到7%的前五只证券
20260521,600303.SH,华泰证券股份有限公司上海徐汇区龙启路证券营业部,7217520.0,2.26,,,7217520.0,0,有价格涨跌幅限制的日收盘价格涨幅偏离值达到7%的前五只证券
20260521,600303.SH,国泰海通证券股份有限公司总部,,,13445100.0,4.21,-13445100.0,1,有价格涨跌幅限制的日收盘价格涨幅偏离值达到7%的前五只证券
20260521,600303.SH,中信证券股份有限公司上海分公司,,,9384211.0,2.94,-9384211.0,1,有价格涨跌幅限制的日收盘价格涨幅偏离值达到7%的前五只证券
20260521,600303.SH,高盛(中国)证券有限责任公司上海浦东新区世纪大道证券营业部,,,6749271.0,2.11,-6749271.0,1,有价格涨跌幅限制的日收盘价格涨幅偏离值达到7%的前五只证券
20260521,600303.SH,瑞银证券有限责任公司上海花园石桥路证券营业部,,,6210403.0,1.94,-6210403.0,1,有价格涨跌幅限制的日收盘价格涨幅偏离值达到7%的前五只证券
20260521,600303.SH,摩根大通证券(中国)有限公司上海银城中路证券营业部,,,4697620.0,1.47,-4697620.0,1,有价格涨跌幅限制的日收盘价格涨幅偏离值达到7%的前五只证券
20260521,600382.SH,国泰海通证券股份有限公司总部,21652052.7,6.64,,,21652052.7,0,有价格涨跌幅限制的日收盘价格涨幅偏离值达到7%的前五只证券
20260521,600382.SH,高盛(中国)证券有限责任公司上海浦东新区世纪大道证券营业部,13938667.0,4.27,,,13938667.0,0,有价格涨跌幅限制的日收盘价格涨幅偏离值达到7%的前五只证券
20260521,600382.SH,中泰证券股份有限公司常州惠国路证券营业部,13326011.0,4.09,,,13326011.0,0,有价格涨跌幅限制的日收盘价格涨幅偏离值达到7%的前五只证券
20260521,600382.SH,华泰证券股份有限公司总部,8305685.5,2.55,,,8305685.5,0,有价格涨跌幅限制的日收盘价格涨幅偏离值达到7%的前五只证券
20260521,600382.SH,中信证券股份有限公司上海分公司,8200963.0,2.51,,,8200963.0,0,有价格涨跌幅限制的日收盘价格涨幅偏离值达到7%的前五只证券
20260521,600382.SH,国泰海通证券股份有限公司上海浦东新区商城路证券营业部,,,7088000.0,2.17,-7088000.0,1,有价格涨跌幅限制的日收盘价格涨幅偏离值达到7%的前五只证券
20260521,600382.SH,中信建投证券股份有限公司吉林分公司,,,5362822.0,1.64,-5362822.0,1,有价格涨跌幅限制的日收盘价格涨幅偏离值达到7%的前五只证券
20260521,600382.SH,国投证券股份有限公司梅州分公司,,,4913754.0,1.51,-4913754.0,1,有价格涨跌幅限制的日收盘价格涨幅偏离值达到7%的前五只证券
20260521,600382.SH,广发证券股份有限公司广州黄埔大道证券营业部,,,4572539.0,1.4,-4572539.0,1,有价格涨跌幅限制的日收盘价格涨幅偏离值达到7%的前五只证券
20260521,600382.SH,广发证券股份有限公司梅州梅江二路证券营业部,,,4515009.0,1.38,-4515009.0,1,有价格涨跌幅限制的日收盘价格涨幅偏离值达到7%的前五只证券
20260521,600481.SH,沪股通专用,242372283.52,3.35,,,242372283.52,0,非ST、*ST和S证券连续三个交易日内收盘价格涨幅偏离值累计达到20%的证券
20260521,600481.SH,摩根大通证券(中国)有限公司上海银城中路证券营业部,153739899.63,2.12,,,153739899.63,0,非ST、*ST和S证券连续三个交易日内收盘价格涨幅偏离值累计达到20%的证券
20260521,600481.SH,国泰海通证券股份有限公司总部,122282600.13,1.69,,,122282600.13,0,非ST、*ST和S证券连续三个交易日内收盘价格涨幅偏离值累计达到20%的证券
20260521,600481.SH,东方财富证券股份有限公司拉萨金融城南环路证券营业部,77559826.15,1.07,,,77559826.15,0,非ST、*ST和S证券连续三个交易日内收盘价格涨幅偏离值累计达到20%的证券
20260521,600481.SH,东方财富证券股份有限公司拉萨东环路第二证券营业部,68360453.0,0.94,,,68360453.0,0,非ST、*ST和S证券连续三个交易日内收盘价格涨幅偏离值累计达到20%的证券
20260521,600481.SH,沪股通专用,,,221266773.63,3.06,-221266773.63,1,非ST、*ST和S证券连续三个交易日内收盘价格涨幅偏离值累计达到20%的证券
20260521,600481.SH,国泰海通证券股份有限公司总部,,,127780459.73,1.76,-127780459.73,1,非ST、*ST和S证券连续三个交易日内收盘价格涨幅偏离值累计达到20%的证券
20260521,600481.SH,摩根大通证券(中国)有限公司上海银城中路证券营业部,,,124672273.21,1.72,-124672273.21,1,非ST、*ST和S证券连续三个交易日内收盘价格涨幅偏离值累计达到20%的证券
20260521,600481.SH,瑞银证券有限责任公司上海花园石桥路证券营业部,,,78283649.91,1.08,-78283649.91,1,非ST、*ST和S证券连续三个交易日内收盘价格涨幅偏离值累计达到20%的证券
20260521,600481.SH,高盛(中国)证券有限责任公司上海浦东新区世纪大道证券营业部,,,71369141.72,0.99,-71369141.72,1,非ST、*ST和S证券连续三个交易日内收盘价格涨幅偏离值累计达到20%的证券
20260521,600530.SH,东方财富证券股份有限公司昌都两江大道证券营业部,7336149.0,2.05,,,7336149.0,0,有价格涨跌幅限制的日价格振幅达到15%的前五只证券
20260521,600530.SH,瑞银证券有限责任公司上海花园石桥路证券营业部,6237970.27,1.74,,,6237970.27,0,有价格涨跌幅限制的日价格振幅达到15%的前五只证券
20260521,600530.SH,沪股通专用,5951351.5,1.66,,,5951351.5,0,有价格涨跌幅限制的日价格振幅达到15%的前五只证券
20260521,600530.SH,国泰海通证券股份有限公司总部,4646786.0,1.3,,,4646786.0,0,有价格涨跌幅限制的日价格振幅达到15%的前五只证券
20260521,600530.SH,国投证券股份有限公司北京复兴门外大街证券营业部,4223350.0,1.18,,,4223350.0,0,有价格涨跌幅限制的日价格振幅达到15%的前五只证券
20260521,600530.SH,沪股通专用,,,12968861.0,3.62,-12968861.0,1,有价格涨跌幅限制的日价格振幅达到15%的前五只证券
20260521,600530.SH,瑞银证券有限责任公司上海花园石桥路证券营业部,,,11529954.0,3.22,-11529954.0,1,有价格涨跌幅限制的日价格振幅达到15%的前五只证券
20260521,600530.SH,中信证券股份有限公司深圳深南中路中信大厦证券营业部,,,11117996.0,3.11,-11117996.0,1,有价格涨跌幅限制的日价格振幅达到15%的前五只证券
20260521,600530.SH,国泰海通证券股份有限公司总部,,,10143048.14,2.84,-10143048.14,1,有价格涨跌幅限制的日价格振幅达到15%的前五只证券
20260521,600530.SH,华泰证券股份有限公司北京月坛南街证券营业部,,,9771955.0,2.73,-9771955.0,1,有价格涨跌幅限制的日价格振幅达到15%的前五只证券
20260521,600578.SH,沪股通专用,90710571.62,2.18,,,90710571.62,0,有价格涨跌幅限制的日价格振幅达到15%的前五只证券
20260521,600578.SH,国泰海通证券股份有限公司总部,75979539.84,1.83,,,75979539.84,0,有价格涨跌幅限制的日价格振幅达到15%的前五只证券
20260521,600578.SH,瑞银证券有限责任公司上海花园石桥路证券营业部,69300509.32,1.67,,,69300509.32,0,有价格涨跌幅限制的日价格振幅达到15%的前五只证券
20260521,600578.SH,国信证券股份有限公司浙江互联网分公司,65074188.0,1.57,,,65074188.0,0,有价格涨跌幅限制的日价格振幅达到15%的前五只证券
20260521,600578.SH,中国国际金融股份有限公司上海分公司,59825947.56,1.44,,,59825947.56,0,有价格涨跌幅限制的日价格振幅达到15%的前五只证券
20260521,600578.SH,国信证券股份有限公司浙江互联网分公司,,,58564134.92,1.41,-58564134.92,1,有价格涨跌幅限制的日价格振幅达到15%的前五只证券
20260521,600578.SH,沪股通专用,,,58544471.02,1.41,-58544471.02,1,有价格涨跌幅限制的日价格振幅达到15%的前五只证券
20260521,600578.SH,国泰海通证券股份有限公司总部,,,51650402.92,1.24,-51650402.92,1,有价格涨跌幅限制的日价格振幅达到15%的前五只证券
20260521,600578.SH,中国国际金融股份有限公司上海分公司,,,50084234.62,1.21,-50084234.62,1,有价格涨跌幅限制的日价格振幅达到15%的前五只证券
20260521,600578.SH,华泰证券股份有限公司北京月坛南街证券营业部,,,49561456.0,1.19,-49561456.0,1,有价格涨跌幅限制的日价格振幅达到15%的前五只证券
20260521,600604.SH,广发证券股份有限公司广州康王中路证券营业部,32604552.0,3.21,,,32604552.0,0,非ST、*ST和S证券连续三个交易日内收盘价格涨幅偏离值累计达到20%的证券
20260521,600604.SH,开源证券股份有限公司西安太华路证券营业部,25672248.0,2.52,,,25672248.0,0,非ST、*ST和S证券连续三个交易日内收盘价格涨幅偏离值累计达到20%的证券
20260521,600604.SH,国泰海通证券股份有限公司广州东风中路证券营业部,17805326.0,1.75,,,17805326.0,0,非ST、*ST和S证券连续三个交易日内收盘价格涨幅偏离值累计达到20%的证券
20260521,600604.SH,东方财富证券股份有限公司拉萨金融城南环路证券营业部,13143958.0,1.29,,,13143958.0,0,非ST、*ST和S证券连续三个交易日内收盘价格涨幅偏离值累计达到20%的证券
20260521,600604.SH,东方财富证券股份有限公司拉萨东环路第二证券营业部,12267016.0,1.21,,,12267016.0,0,非ST、*ST和S证券连续三个交易日内收盘价格涨幅偏离值累计达到20%的证券
20260521,600604.SH,开源证券股份有限公司西安太华路证券营业部,,,28238166.0,2.78,-28238166.0,1,非ST、*ST和S证券连续三个交易日内收盘价格涨幅偏离值累计达到20%的证券
20260521,600604.SH,国泰海通证券股份有限公司广州东风中路证券营业部,,,19568412.0,1.92,-19568412.0,1,非ST、*ST和S证券连续三个交易日内收盘价格涨幅偏离值累计达到20%的证券
20260521,600604.SH,国泰海通证券股份有限公司太原新建路证券营业部,,,15532234.0,1.53,-15532234.0,1,非ST、*ST和S证券连续三个交易日内收盘价格涨幅偏离值累计达到20%的证券
20260521,600604.SH,国泰海通证券股份有限公司杭州富春路证券营业部,,,14535579.0,1.43,-14535579.0,1,非ST、*ST和S证券连续三个交易日内收盘价格涨幅偏离值累计达到20%的证券
20260521,600604.SH,东方证券股份有限公司上海松江区沪亭北路证券营业部,,,11657998.0,1.15,-11657998.0,1,非ST、*ST和S证券连续三个交易日内收盘价格涨幅偏离值累计达到20%的证券
20260521,600611.SH,开源证券股份有限公司西安太华路证券营业部,41048704.0,3.24,,,41048704.0,0,非ST、*ST和S证券连续三个交易日内收盘价格涨幅偏离值累计达到20%的证券
20260521,600611.SH,沪股通专用,39593437.0,3.13,,,39593437.0,0,非ST、*ST和S证券连续三个交易日内收盘价格涨幅偏离值累计达到20%的证券
20260521,600611.SH,国泰海通证券股份有限公司广州东风中路证券营业部,30201733.0,2.38,,,30201733.0,0,非ST、*ST和S证券连续三个交易日内收盘价格涨幅偏离值累计达到20%的证券
20260521,600611.SH,平安证券股份有限公司杭州曙光路证券营业部,22706946.0,1.79,,,22706946.0,0,非ST、*ST和S证券连续三个交易日内收盘价格涨幅偏离值累计达到20%的证券
20260521,600611.SH,平安证券股份有限公司杭州曙光路证券营业部,21617283.0,2.6,,,21617283.0,0,有价格涨跌幅限制的日收盘价格涨幅偏离值达到7%的前五只证券
20260521,600611.SH,平安证券股份有限公司浙江分公司,21421309.0,1.69,,,21421309.0,0,非ST、*ST和S证券连续三个交易日内收盘价格涨幅偏离值累计达到20%的证券
20260521,600611.SH,沪股通专用,20845674.0,2.5,,,20845674.0,0,有价格涨跌幅限制的日收盘价格涨幅偏离值达到7%的前五只证券
20260521,600611.SH,平安证券股份有限公司浙江分公司,19359438.0,2.33,,,19359438.0,0,有价格涨跌幅限制的日收盘价格涨幅偏离值达到7%的前五只证券
20260521,600611.SH,国泰海通证券股份有限公司广州东风中路证券营业部,19265839.0,2.31,,,19265839.0,0,有价格涨跌幅限制的日收盘价格涨幅偏离值达到7%的前五只证券
20260521,600611.SH,华泰证券股份有限公司总部,12498969.7,1.5,,,12498969.7,0,有价格涨跌幅限制的日收盘价格涨幅偏离值达到7%的前五只证券
20260521,600611.SH,开源证券股份有限公司西安太华路证券营业部,,,44429068.0,3.51,-44429068.0,1,非ST、*ST和S证券连续三个交易日内收盘价格涨幅偏离值累计达到20%的证券
20260521,600611.SH,开源证券股份有限公司西安太华路证券营业部,,,44424128.0,5.34,-44424128.0,1,有价格涨跌幅限制的日收盘价格涨幅偏离值达到7%的前五只证券
20260521,600611.SH,沪股通专用,,,31408191.0,2.48,-31408191.0,1,非ST、*ST和S证券连续三个交易日内收盘价格涨幅偏离值累计达到20%的证券
20260521,600611.SH,沪股通专用,,,25390280.0,3.05,-25390280.0,1,有价格涨跌幅限制的日收盘价格涨幅偏离值达到7%的前五只证券
20260521,600611.SH,华泰证券股份有限公司上海虹口区飞虹路证券营业部,,,17895669.0,1.41,-17895669.0,1,非ST、*ST和S证券连续三个交易日内收盘价格涨幅偏离值累计达到20%的证券
20260521,600611.SH,国泰海通证券股份有限公司上海浦东新区福山路证券营业部,,,13755014.0,1.09,-13755014.0,1,非ST、*ST和S证券连续三个交易日内收盘价格涨幅偏离值累计达到20%的证券
20260521,600611.SH,国泰海通证券股份有限公司上海浦东新区福山路证券营业部,,,13712506.0,1.65,-13712506.0,1,有价格涨跌幅限制的日收盘价格涨幅偏离值达到7%的前五只证券
20260521,600611.SH,国泰海通证券股份有限公司总部,,,11682293.0,0.92,-11682293.0,1,非ST、*ST和S证券连续三个交易日内收盘价格涨幅偏离值累计达到20%的证券
20260521,600611.SH,国泰海通证券股份有限公司广州东风中路证券营业部,,,11437858.0,1.37,-11437858.0,1,有价格涨跌幅限制的日收盘价格涨幅偏离值达到7%的前五只证券
20260521,600611.SH,国泰海通证券股份有限公司总部,,,11005381.0,1.32,-11005381.0,1,有价格涨跌幅限制的日收盘价格涨幅偏离值达到7%的前五只证券
20260521,600769.SH,国泰海通证券股份有限公司总部,75790841.0,4.78,,,75790841.0,0,非ST、*ST和S证券连续三个交易日内收盘价格跌幅偏离值累计达到20%的证券
20260521,600769.SH,摩根大通证券(中国)有限公司上海银城中路证券营业部,73835890.12,4.66,,,73835890.12,0,非ST、*ST和S证券连续三个交易日内收盘价格跌幅偏离值累计达到20%的证券
20260521,600769.SH,浙商证券股份有限公司杭州五星路证券营业部,62358827.0,3.94,,,62358827.0,0,非ST、*ST和S证券连续三个交易日内收盘价格跌幅偏离值累计达到20%的证券
20260521,600769.SH,中信证券股份有限公司上海分公司,50021454.8,3.16,,,50021454.8,0,非ST、*ST和S证券连续三个交易日内收盘价格跌幅偏离值累计达到20%的证券
20260521,600769.SH,中国国际金融股份有限公司上海分公司,35393132.5,2.23,,,35393132.5,0,非ST、*ST和S证券连续三个交易日内收盘价格跌幅偏离值累计达到20%的证券
20260521,600769.SH,国联民生证券股份有限公司宜兴人民南路证券营业部,,,148829881.0,9.39,-148829881.0,1,非ST、*ST和S证券连续三个交易日内收盘价格跌幅偏离值累计达到20%的证券
20260521,600769.SH,摩根大通证券(中国)有限公司上海银城中路证券营业部,,,81332546.2,5.13,-81332546.2,1,非ST、*ST和S证券连续三个交易日内收盘价格跌幅偏离值累计达到20%的证券
20260521,600769.SH,国泰海通证券股份有限公司总部,,,55338984.52,3.49,-55338984.52,1,非ST、*ST和S证券连续三个交易日内收盘价格跌幅偏离值累计达到20%的证券
20260521,600769.SH,广发证券股份有限公司宜兴东虹东路证券营业部,,,51813461.0,3.27,-51813461.0,1,非ST、*ST和S证券连续三个交易日内收盘价格跌幅偏离值累计达到20%的证券
20260521,600769.SH,广发证券股份有限公司杭州延安路证券营业部,,,36158819.0,2.28,-36158819.0,1,非ST、*ST和S证券连续三个交易日内收盘价格跌幅偏离值累计达到20%的证券
20260521,600936.SH,国泰海通证券股份有限公司武汉紫阳东路证券营业部,63419719.8,4.7,,,63419719.8,0,有价格涨跌幅限制的日收盘价格涨幅偏离值达到7%的前五只证券
20260521,600936.SH,沪股通专用,53102914.0,3.94,,,53102914.0,0,有价格涨跌幅限制的日收盘价格涨幅偏离值达到7%的前五只证券
20260521,600936.SH,联储证券股份有限公司杭州环城北路证券营业部,27956772.8,2.07,,,27956772.8,0,有价格涨跌幅限制的日收盘价格涨幅偏离值达到7%的前五只证券
20260521,600936.SH,国泰海通证券股份有限公司上海松江区中山东路证券营业部,25420023.0,1.89,,,25420023.0,0,有价格涨跌幅限制的日收盘价格涨幅偏离值达到7%的前五只证券
20260521,600936.SH,国泰海通证券股份有限公司三亚迎宾路证券营业部,24668189.0,1.83,,,24668189.0,0,有价格涨跌幅限制的日收盘价格涨幅偏离值达到7%的前五只证券
20260521,600936.SH,沪股通专用,,,45634254.3,3.38,-45634254.3,1,有价格涨跌幅限制的日收盘价格涨幅偏离值达到7%的前五只证券
20260521,600936.SH,华泰证券股份有限公司南宁民族大道证券营业部,,,18721685.08,1.39,-18721685.08,1,有价格涨跌幅限制的日收盘价格涨幅偏离值达到7%的前五只证券
20260521,600936.SH,东方财富证券股份有限公司拉萨金融城南环路证券营业部,,,13225388.71,0.98,-13225388.71,1,有价格涨跌幅限制的日收盘价格涨幅偏离值达到7%的前五只证券
20260521,600936.SH,高盛(中国)证券有限责任公司上海浦东新区世纪大道证券营业部,,,12203968.0,0.91,-12203968.0,1,有价格涨跌幅限制的日收盘价格涨幅偏离值达到7%的前五只证券
20260521,600936.SH,瑞银证券有限责任公司上海花园石桥路证券营业部,,,10755055.0,0.8,-10755055.0,1,有价格涨跌幅限制的日收盘价格涨幅偏离值达到7%的前五只证券
20260521,601975.SH,沪股通专用,470819950.47,6.27,,,470819950.47,0,非ST、*ST和S证券连续三个交易日内收盘价格涨幅偏离值累计达到20%的证券
20260521,601975.SH,高盛(中国)证券有限责任公司上海浦东新区世纪大道证券营业部,162973993.92,2.17,,,162973993.92,0,非ST、*ST和S证券连续三个交易日内收盘价格涨幅偏离值累计达到20%的证券
20260521,601975.SH,国泰海通证券股份有限公司总部,158683475.85,2.11,,,158683475.85,0,非ST、*ST和S证券连续三个交易日内收盘价格涨幅偏离值累计达到20%的证券
20260521,601975.SH,东方证券股份有限公司厦门仙岳路证券营业部,148669766.77,1.98,,,148669766.77,0,非ST、*ST和S证券连续三个交易日内收盘价格涨幅偏离值累计达到20%的证券
20260521,601975.SH,中信证券股份有限公司上海分公司,137765498.94,1.83,,,137765498.94,0,非ST、*ST和S证券连续三个交易日内收盘价格涨幅偏离值累计达到20%的证券
20260521,601975.SH,沪股通专用,,,530475800.28,7.06,-530475800.28,1,非ST、*ST和S证券连续三个交易日内收盘价格涨幅偏离值累计达到20%的证券
20260521,601975.SH,中信证券股份有限公司深圳福田金田路证券营业部,,,127482492.0,1.7,-127482492.0,1,非ST、*ST和S证券连续三个交易日内收盘价格涨幅偏离值累计达到20%的证券
20260521,601975.SH,国泰海通证券股份有限公司总部,,,124309496.99,1.65,-124309496.99,1,非ST、*ST和S证券连续三个交易日内收盘价格涨幅偏离值累计达到20%的证券
20260521,601975.SH,瑞银证券有限责任公司上海花园石桥路证券营业部,,,104799277.83,1.39,-104799277.83,1,非ST、*ST和S证券连续三个交易日内收盘价格涨幅偏离值累计达到20%的证券
20260521,601975.SH,中信证券股份有限公司上海分公司,,,95212987.58,1.27,-95212987.58,1,非ST、*ST和S证券连续三个交易日内收盘价格涨幅偏离值累计达到20%的证券
20260521,603061.SH,沪股通专用,243408654.25,12.93,,,243408654.25,0,有价格涨跌幅限制的日价格振幅达到15%的前五只证券
20260521,603061.SH,瑞银证券有限责任公司上海花园石桥路证券营业部,98631339.4,5.24,,,98631339.4,0,有价格涨跌幅限制的日价格振幅达到15%的前五只证券
20260521,603061.SH,中信证券股份有限公司上海分公司,95881104.0,5.09,,,95881104.0,0,有价格涨跌幅限制的日价格振幅达到15%的前五只证券
20260521,603061.SH,国泰海通证券股份有限公司总部,61741665.35,3.28,,,61741665.35,0,有价格涨跌幅限制的日价格振幅达到15%的前五只证券
20260521,603061.SH,上海证券有限责任公司徐汇区高安路证券营业部,43503682.85,2.31,,,43503682.85,0,有价格涨跌幅限制的日价格振幅达到15%的前五只证券
20260521,603061.SH,沪股通专用,,,204690834.84,10.87,-204690834.84,1,有价格涨跌幅限制的日价格振幅达到15%的前五只证券
20260521,603061.SH,机构专用,,,156571162.1,8.32,-156571162.1,1,有价格涨跌幅限制的日价格振幅达到15%的前五只证券
20260521,603061.SH,机构专用,,,87861832.9,4.67,-87861832.9,1,有价格涨跌幅限制的日价格振幅达到15%的前五只证券
20260521,603061.SH,中信证券股份有限公司上海分公司,,,66253487.7,3.52,-66253487.7,1,有价格涨跌幅限制的日价格振幅达到15%的前五只证券
20260521,603061.SH,中国国际金融股份有限公司上海分公司,,,58361856.15,3.1,-58361856.15,1,有价格涨跌幅限制的日价格振幅达到15%的前五只证券
20260521,603082.SH,东方财富证券股份有限公司拉萨金融城南环路证券营业部,12814919.84,1.52,,,12814919.84,0,有价格涨跌幅限制的日换手率达到20%的前五只证券
20260521,603082.SH,东方财富证券股份有限公司拉萨东环路第二证券营业部,9803395.0,1.16,,,9803395.0,0,有价格涨跌幅限制的日换手率达到20%的前五只证券
20260521,603082.SH,东方财富证券股份有限公司拉萨团结路第二证券营业部,9702704.0,1.15,,,9702704.0,0,有价格涨跌幅限制的日换手率达到20%的前五只证券
20260521,603082.SH,东方财富证券股份有限公司昌都两江大道证券营业部,9186385.89,1.09,,,9186385.89,0,有价格涨跌幅限制的日换手率达到20%的前五只证券
20260521,603082.SH,国信证券股份有限公司北京国贸证券营业部,9157230.76,1.09,,,9157230.76,0,有价格涨跌幅限制的日换手率达到20%的前五只证券
20260521,603082.SH,国泰海通证券股份有限公司南京太平南路证券营业部,,,54884499.71,6.51,-54884499.71,1,有价格涨跌幅限制的日换手率达到20%的前五只证券
20260521,603082.SH,摩根大通证券(中国)有限公司上海银城中路证券营业部,,,16267916.65,1.93,-16267916.65,1,有价格涨跌幅限制的日换手率达到20%的前五只证券
20260521,603082.SH,东亚前海证券有限责任公司浙江分公司,,,12879661.0,1.53,-12879661.0,1,有价格涨跌幅限制的日换手率达到20%的前五只证券
20260521,603082.SH,国信证券股份有限公司深圳互联网分公司,,,9642027.7,1.14,-9642027.7,1,有价格涨跌幅限制的日换手率达到20%的前五只证券
20260521,603082.SH,中国国际金融股份有限公司上海分公司,,,7958691.46,0.94,-7958691.46,1,有价格涨跌幅限制的日换手率达到20%的前五只证券
20260521,603115.SH,机构专用,118504068.38,9.8,,,118504068.38,0,有价格涨跌幅限制的日价格振幅达到15%的前五只证券
20260521,603115.SH,华泰证券股份有限公司总部,32741594.0,2.71,,,32741594.0,0,有价格涨跌幅限制的日价格振幅达到15%的前五只证券
20260521,603115.SH,中信证券股份有限公司上海分公司,27757657.0,2.3,,,27757657.0,0,有价格涨跌幅限制的日价格振幅达到15%的前五只证券
20260521,603115.SH,中国中金财富证券有限公司上海浦东新区陆家嘴环路证券营业部,25149692.0,2.08,,,25149692.0,0,有价格涨跌幅限制的日价格振幅达到15%的前五只证券
20260521,603115.SH,中国国际金融股份有限公司上海分公司,15906995.0,1.32,,,15906995.0,0,有价格涨跌幅限制的日价格振幅达到15%的前五只证券
20260521,603115.SH,华泰证券股份有限公司总部,,,49878276.0,4.13,-49878276.0,1,有价格涨跌幅限制的日价格振幅达到15%的前五只证券
20260521,603115.SH,中国国际金融股份有限公司上海分公司,,,39874904.0,3.3,-39874904.0,1,有价格涨跌幅限制的日价格振幅达到15%的前五只证券
20260521,603115.SH,国泰海通证券股份有限公司总部,,,37349846.0,3.09,-37349846.0,1,有价格涨跌幅限制的日价格振幅达到15%的前五只证券
20260521,603115.SH,中信证券股份有限公司上海分公司,,,26866648.0,2.22,-26866648.0,1,有价格涨跌幅限制的日价格振幅达到15%的前五只证券
20260521,603115.SH,中国中金财富证券有限公司上海浦东新区陆家嘴环路证券营业部,,,26790968.0,2.22,-26790968.0,1,有价格涨跌幅限制的日价格振幅达到15%的前五只证券
20260521,603118.SH,沪股通专用,64075980.81,4.6,,,64075980.81,0,有价格涨跌幅限制的日收盘价格跌幅偏离值达到7%的前五只证券
20260521,603118.SH,国泰海通证券股份有限公司总部,22869978.0,1.64,,,22869978.0,0,有价格涨跌幅限制的日收盘价格跌幅偏离值达到7%的前五只证券
20260521,603118.SH,国金证券股份有限公司上海静安区南京西路证券营业部,18233410.0,1.31,,,18233410.0,0,有价格涨跌幅限制的日收盘价格跌幅偏离值达到7%的前五只证券
20260521,603118.SH,广发证券股份有限公司温州瓯江路证券营业部,12301699.0,0.88,,,12301699.0,0,有价格涨跌幅限制的日收盘价格跌幅偏离值达到7%的前五只证券
20260521,603118.SH,国盛证券股份有限公司南昌桃花路证券营业部,9282581.0,0.67,,,9282581.0,0,有价格涨跌幅限制的日收盘价格跌幅偏离值达到7%的前五只证券
20260521,603118.SH,沪股通专用,,,25592566.5,1.84,-25592566.5,1,有价格涨跌幅限制的日收盘价格跌幅偏离值达到7%的前五只证券
20260521,603118.SH,国泰海通证券股份有限公司总部,,,17490109.82,1.25,-17490109.82,1,有价格涨跌幅限制的日收盘价格跌幅偏离值达到7%的前五只证券
20260521,603118.SH,广发证券股份有限公司温州瓯江路证券营业部,,,16730613.0,1.2,-16730613.0,1,有价格涨跌幅限制的日收盘价格跌幅偏离值达到7%的前五只证券
20260521,603118.SH,东方财富证券股份有限公司上海东方路证券营业部,,,12889413.0,0.92,-12889413.0,1,有价格涨跌幅限制的日收盘价格跌幅偏离值达到7%的前五只证券
20260521,603118.SH,金融街证券股份有限公司东胜鄂尔多斯大街证券营业部,,,12025638.9,0.86,-12025638.9,1,有价格涨跌幅限制的日收盘价格跌幅偏离值达到7%的前五只证券
20260521,603121.SH,沪股通专用,30794741.97,7.88,,,30794741.97,0,有价格涨跌幅限制的日收盘价格跌幅偏离值达到7%的前五只证券
20260521,603121.SH,中国中金财富证券有限公司唐山金融中心证券营业部,13479243.44,3.45,,,13479243.44,0,有价格涨跌幅限制的日收盘价格跌幅偏离值达到7%的前五只证券
20260521,603121.SH,高盛(中国)证券有限责任公司上海浦东新区世纪大道证券营业部,10518261.72,2.69,,,10518261.72,0,有价格涨跌幅限制的日收盘价格跌幅偏离值达到7%的前五只证券
20260521,603121.SH,中信证券股份有限公司上海分公司,8943743.4,2.29,,,8943743.4,0,有价格涨跌幅限制的日收盘价格跌幅偏离值达到7%的前五只证券
20260521,603121.SH,国泰海通证券股份有限公司总部,6747189.9,1.73,,,6747189.9,0,有价格涨跌幅限制的日收盘价格跌幅偏离值达到7%的前五只证券
20260521,603121.SH,沪股通专用,,,19523038.96,5.0,-19523038.96,1,有价格涨跌幅限制的日收盘价格跌幅偏离值达到7%的前五只证券
20260521,603121.SH,招商证券股份有限公司广州粤海金融中心证券营业部,,,17760956.04,4.54,-17760956.04,1,有价格涨跌幅限制的日收盘价格跌幅偏离值达到7%的前五只证券
20260521,603121.SH,东莞证券股份有限公司东莞长安分公司,,,16210778.0,4.15,-16210778.0,1,有价格涨跌幅限制的日收盘价格跌幅偏离值达到7%的前五只证券
20260521,603121.SH,东北证券股份有限公司杭州市心北路证券营业部,,,9926149.0,2.54,-9926149.0,1,有价格涨跌幅限制的日收盘价格跌幅偏离值达到7%的前五只证券
20260521,603121.SH,兴业证券股份有限公司浙江分公司,,,8346206.0,2.14,-8346206.0,1,有价格涨跌幅限制的日收盘价格跌幅偏离值达到7%的前五只证券
20260521,603293.SH,国投证券股份有限公司武汉中北路证券营业部,29040831.71,4.24,,,29040831.71,0,有价格涨跌幅限制的日换手率达到20%的前五只证券
20260521,603293.SH,中信证券股份有限公司上海分公司,13503374.36,1.97,,,13503374.36,0,有价格涨跌幅限制的日换手率达到20%的前五只证券
20260521,603293.SH,摩根大通证券(中国)有限公司上海银城中路证券营业部,13477302.45,1.97,,,13477302.45,0,有价格涨跌幅限制的日换手率达到20%的前五只证券
20260521,603293.SH,天风证券股份有限公司武汉天地证券营业部,13474632.51,1.97,,,13474632.51,0,有价格涨跌幅限制的日换手率达到20%的前五只证券
20260521,603293.SH,瑞银证券有限责任公司上海花园石桥路证券营业部,13203756.0,1.93,,,13203756.0,0,有价格涨跌幅限制的日换手率达到20%的前五只证券
20260521,603293.SH,申万宏源证券有限公司合肥潜山路证券营业部,,,10490600.5,1.53,-10490600.5,1,有价格涨跌幅限制的日换手率达到20%的前五只证券
20260521,603293.SH,东方财富证券股份有限公司拉萨团结路第二证券营业部,,,10344132.9,1.51,-10344132.9,1,有价格涨跌幅限制的日换手率达到20%的前五只证券
20260521,603293.SH,中国国际金融股份有限公司上海分公司,,,8628745.0,1.26,-8628745.0,1,有价格涨跌幅限制的日换手率达到20%的前五只证券
20260521,603293.SH,东方财富证券股份有限公司拉萨团结路第一证券营业部,,,8335472.48,1.22,-8335472.48,1,有价格涨跌幅限制的日换手率达到20%的前五只证券
20260521,603293.SH,东方财富证券股份有限公司拉萨东环路第二证券营业部,,,8040135.0,1.17,-8040135.0,1,有价格涨跌幅限制的日换手率达到20%的前五只证券
20260521,603316.SH,国泰海通证券股份有限公司北京知春路证券营业部,78601998.0,3.16,,,78601998.0,0,非ST、*ST和S证券连续三个交易日内收盘价格涨幅偏离值累计达到20%的证券
20260521,603316.SH,国泰海通证券股份有限公司北京知春路证券营业部,78271687.0,3.67,,,78271687.0,0,有价格涨跌幅限制的日换手率达到20%的前五只证券
20260521,603316.SH,摩根大通证券(中国)有限公司上海银城中路证券营业部,68168933.96,2.74,,,68168933.96,0,非ST、*ST和S证券连续三个交易日内收盘价格涨幅偏离值累计达到20%的证券
20260521,603316.SH,中信证券股份有限公司上海分公司,65304472.0,2.62,,,65304472.0,0,非ST、*ST和S证券连续三个交易日内收盘价格涨幅偏离值累计达到20%的证券
20260521,603316.SH,中信证券股份有限公司上海分公司,64542440.0,3.03,,,64542440.0,0,有价格涨跌幅限制的日换手率达到20%的前五只证券
20260521,603316.SH,国泰海通证券股份有限公司总部,58914706.9,2.37,,,58914706.9,0,非ST、*ST和S证券连续三个交易日内收盘价格涨幅偏离值累计达到20%的证券
20260521,603316.SH,摩根大通证券(中国)有限公司上海银城中路证券营业部,55734014.56,2.62,,,55734014.56,0,有价格涨跌幅限制的日换手率达到20%的前五只证券
20260521,603316.SH,瑞银证券有限责任公司上海花园石桥路证券营业部,49237059.0,1.98,,,49237059.0,0,非ST、*ST和S证券连续三个交易日内收盘价格涨幅偏离值累计达到20%的证券
20260521,603316.SH,国泰海通证券股份有限公司总部,46456673.9,2.18,,,46456673.9,0,有价格涨跌幅限制的日换手率达到20%的前五只证券
20260521,603316.SH,瑞银证券有限责任公司上海花园石桥路证券营业部,45517423.0,2.14,,,45517423.0,0,有价格涨跌幅限制的日换手率达到20%的前五只证券
20260521,603316.SH,瑞银证券有限责任公司上海花园石桥路证券营业部,,,75231660.6,3.02,-75231660.6,1,非ST、*ST和S证券连续三个交易日内收盘价格涨幅偏离值累计达到20%的证券
20260521,603316.SH,国泰海通证券股份有限公司总部,,,70656467.33,2.84,-70656467.33,1,非ST、*ST和S证券连续三个交易日内收盘价格涨幅偏离值累计达到20%的证券
20260521,603316.SH,瑞银证券有限责任公司上海花园石桥路证券营业部,,,68316156.6,3.21,-68316156.6,1,有价格涨跌幅限制的日换手率达到20%的前五只证券
20260521,603316.SH,国泰海通证券股份有限公司总部,,,61212503.83,2.87,-61212503.83,1,有价格涨跌幅限制的日换手率达到20%的前五只证券
20260521,603316.SH,摩根大通证券(中国)有限公司上海银城中路证券营业部,,,51518649.1,2.07,-51518649.1,1,非ST、*ST和S证券连续三个交易日内收盘价格涨幅偏离值累计达到20%的证券
20260521,603316.SH,摩根大通证券(中国)有限公司上海银城中路证券营业部,,,51216610.1,2.4,-51216610.1,1,有价格涨跌幅限制的日换手率达到20%的前五只证券
20260521,603316.SH,中信证券股份有限公司北京亚运村证券营业部,,,44389432.0,1.78,-44389432.0,1,非ST、*ST和S证券连续三个交易日内收盘价格涨幅偏离值累计达到20%的证券
20260521,603316.SH,中信证券股份有限公司北京亚运村证券营业部,,,44246639.0,2.08,-44246639.0,1,有价格涨跌幅限制的日换手率达到20%的前五只证券
20260521,603316.SH,华泰证券股份有限公司总部,,,36942611.0,1.48,-36942611.0,1,非ST、*ST和S证券连续三个交易日内收盘价格涨幅偏离值累计达到20%的证券
20260521,603316.SH,华泰证券股份有限公司总部,,,32444236.0,1.52,-32444236.0,1,有价格涨跌幅限制的日换手率达到20%的前五只证券
20260521,603324.SH,高盛(中国)证券有限责任公司上海浦东新区世纪大道证券营业部,32251012.4,4.15,,,32251012.4,0,非ST、*ST和S证券连续三个交易日内收盘价格涨幅偏离值累计达到20%的证券
20260521,603324.SH,中国银河证券股份有限公司绍兴鲁迅中路证券营业部,32233756.2,4.15,,,32233756.2,0,非ST、*ST和S证券连续三个交易日内收盘价格涨幅偏离值累计达到20%的证券
20260521,603324.SH,中信证券股份有限公司上海分公司,27337960.0,3.52,,,27337960.0,0,非ST、*ST和S证券连续三个交易日内收盘价格涨幅偏离值累计达到20%的证券
20260521,603324.SH,国泰海通证券股份有限公司总部,20029820.8,2.58,,,20029820.8,0,非ST、*ST和S证券连续三个交易日内收盘价格涨幅偏离值累计达到20%的证券
20260521,603324.SH,摩根大通证券(中国)有限公司上海银城中路证券营业部,18511915.0,2.38,,,18511915.0,0,非ST、*ST和S证券连续三个交易日内收盘价格涨幅偏离值累计达到20%的证券
20260521,603324.SH,中信证券股份有限公司上海分公司,,,25256491.4,3.25,-25256491.4,1,非ST、*ST和S证券连续三个交易日内收盘价格涨幅偏离值累计达到20%的证券
20260521,603324.SH,东兴证券股份有限公司福州斗西路证券营业部,,,21863015.0,2.82,-21863015.0,1,非ST、*ST和S证券连续三个交易日内收盘价格涨幅偏离值累计达到20%的证券
20260521,603324.SH,高盛(中国)证券有限责任公司上海浦东新区世纪大道证券营业部,,,16923364.2,2.18,-16923364.2,1,非ST、*ST和S证券连续三个交易日内收盘价格涨幅偏离值累计达到20%的证券
20260521,603324.SH,国泰海通证券股份有限公司总部,,,13956603.4,1.8,-13956603.4,1,非ST、*ST和S证券连续三个交易日内收盘价格涨幅偏离值累计达到20%的证券
20260521,603324.SH,东亚前海证券有限责任公司深圳分公司,,,11702571.8,1.51,-11702571.8,1,非ST、*ST和S证券连续三个交易日内收盘价格涨幅偏离值累计达到20%的证券
20260521,603459.SH,机构专用,279534335.61,7.52,,,279534335.61,0,有价格涨跌幅限制的日换手率达到20%的前五只证券
20260521,603459.SH,开源证券股份有限公司西安太华路证券营业部,104289477.0,2.81,,,104289477.0,0,有价格涨跌幅限制的日换手率达到20%的前五只证券
20260521,603459.SH,机构专用,104076918.92,2.8,,,104076918.92,0,有价格涨跌幅限制的日换手率达到20%的前五只证券
20260521,603459.SH,中国国际金融股份有限公司上海分公司,55357018.24,1.49,,,55357018.24,0,有价格涨跌幅限制的日换手率达到20%的前五只证券
20260521,603459.SH,瑞银证券有限责任公司上海花园石桥路证券营业部,51156927.68,1.38,,,51156927.68,0,有价格涨跌幅限制的日换手率达到20%的前五只证券
20260521,603459.SH,东方财富证券股份有限公司拉萨东环路第二证券营业部,,,37678465.18,1.01,-37678465.18,1,有价格涨跌幅限制的日换手率达到20%的前五只证券
20260521,603459.SH,东方财富证券股份有限公司山南香曲东路证券营业部,,,35777521.0,0.96,-35777521.0,1,有价格涨跌幅限制的日换手率达到20%的前五只证券
20260521,603459.SH,中国银河证券股份有限公司三亚迎宾路证券营业部,,,31476331.34,0.85,-31476331.34,1,有价格涨跌幅限制的日换手率达到20%的前五只证券
20260521,603459.SH,国泰海通证券股份有限公司扬州宝应白田路证券营业部,,,31356673.0,0.84,-31356673.0,1,有价格涨跌幅限制的日换手率达到20%的前五只证券
20260521,603459.SH,机构专用,,,31105326.65,0.84,-31105326.65,1,有价格涨跌幅限制的日换手率达到20%的前五只证券
20260521,603757.SH,沪股通专用,49396365.85,3.55,,,49396365.85,0,有价格涨跌幅限制的日收盘价格跌幅偏离值达到7%的前五只证券
20260521,603757.SH,国泰海通证券股份有限公司总部,31804845.0,2.29,,,31804845.0,0,有价格涨跌幅限制的日收盘价格跌幅偏离值达到7%的前五只证券
20260521,603757.SH,中信证券股份有限公司上海分公司,31689703.0,2.28,,,31689703.0,0,有价格涨跌幅限制的日收盘价格跌幅偏离值达到7%的前五只证券
20260521,603757.SH,方正证券股份有限公司温岭阳光大道证券营业部,20691643.0,1.49,,,20691643.0,0,有价格涨跌幅限制的日收盘价格跌幅偏离值达到7%的前五只证券
20260521,603757.SH,平安证券股份有限公司金华李渔路证券营业部,19539410.7,1.4,,,19539410.7,0,有价格涨跌幅限制的日收盘价格跌幅偏离值达到7%的前五只证券
20260521,603757.SH,沪股通专用,,,88477282.0,6.36,-88477282.0,1,有价格涨跌幅限制的日收盘价格跌幅偏离值达到7%的前五只证券
20260521,603757.SH,华福证券股份有限公司上海浦明路证券营业部,,,60197266.0,4.33,-60197266.0,1,有价格涨跌幅限制的日收盘价格跌幅偏离值达到7%的前五只证券
20260521,603757.SH,中信证券股份有限公司上海分公司,,,28142205.8,2.02,-28142205.8,1,有价格涨跌幅限制的日收盘价格跌幅偏离值达到7%的前五只证券
20260521,603757.SH,国泰海通证券股份有限公司总部,,,24958053.0,1.79,-24958053.0,1,有价格涨跌幅限制的日收盘价格跌幅偏离值达到7%的前五只证券
20260521,603757.SH,瑞银证券有限责任公司上海花园石桥路证券营业部,,,23209445.0,1.67,-23209445.0,1,有价格涨跌幅限制的日收盘价格跌幅偏离值达到7%的前五只证券
20260521,603773.SH,沪股通专用,233559659.58,2.76,,,233559659.58,0,非ST、*ST和S证券连续三个交易日内收盘价格涨幅偏离值累计达到20%的证券
20260521,603773.SH,中信证券股份有限公司上海分公司,229850510.02,2.72,,,229850510.02,0,非ST、*ST和S证券连续三个交易日内收盘价格涨幅偏离值累计达到20%的证券
20260521,603773.SH,国泰海通证券股份有限公司总部,147166165.61,1.74,,,147166165.61,0,非ST、*ST和S证券连续三个交易日内收盘价格涨幅偏离值累计达到20%的证券
20260521,603773.SH,国泰海通证券股份有限公司深圳海岸城海德三道证券营业部,144255335.0,1.71,,,144255335.0,0,非ST、*ST和S证券连续三个交易日内收盘价格涨幅偏离值累计达到20%的证券
20260521,603773.SH,国泰海通证券股份有限公司上海长宁区江苏路证券营业部,98202056.41,1.16,,,98202056.41,0,非ST、*ST和S证券连续三个交易日内收盘价格涨幅偏离值累计达到20%的证券
20260521,603773.SH,沪股通专用,,,185911244.44,2.2,-185911244.44,1,非ST、*ST和S证券连续三个交易日内收盘价格涨幅偏离值累计达到20%的证券
20260521,603773.SH,中信证券股份有限公司上海分公司,,,162444916.57,1.92,-162444916.57,1,非ST、*ST和S证券连续三个交易日内收盘价格涨幅偏离值累计达到20%的证券
20260521,603773.SH,国泰海通证券股份有限公司总部,,,121509178.2,1.44,-121509178.2,1,非ST、*ST和S证券连续三个交易日内收盘价格涨幅偏离值累计达到20%的证券
20260521,603773.SH,机构专用,,,114418897.41,1.35,-114418897.41,1,非ST、*ST和S证券连续三个交易日内收盘价格涨幅偏离值累计达到20%的证券
20260521,603773.SH,国泰海通证券股份有限公司上海长宁区江苏路证券营业部,,,73197535.0,0.87,-73197535.0,1,非ST、*ST和S证券连续三个交易日内收盘价格涨幅偏离值累计达到20%的证券
20260521,603779.SH,浙商证券股份有限公司杭州五星路证券营业部,71835536.0,3.52,,,71835536.0,0,有价格涨跌幅限制的日换手率达到20%的前五只证券
20260521,603779.SH,联储证券股份有限公司杭州环城北路证券营业部,43530960.0,2.14,,,43530960.0,0,有价格涨跌幅限制的日换手率达到20%的前五只证券
20260521,603779.SH,中国中金财富证券有限公司广州天河路证券营业部,42514283.0,2.09,,,42514283.0,0,有价格涨跌幅限制的日换手率达到20%的前五只证券
20260521,603779.SH,联储证券股份有限公司宁波分公司,40396092.0,1.98,,,40396092.0,0,有价格涨跌幅限制的日换手率达到20%的前五只证券
20260521,603779.SH,东吴证券股份有限公司苏州工业园区扬富路证券营业部,34034829.0,1.67,,,34034829.0,0,有价格涨跌幅限制的日换手率达到20%的前五只证券
20260521,603779.SH,江海证券有限公司哈尔滨世茂大道证券营业部,,,46449685.0,2.28,-46449685.0,1,有价格涨跌幅限制的日换手率达到20%的前五只证券
20260521,603779.SH,申港证券股份有限公司浙江分公司,,,36437940.0,1.79,-36437940.0,1,有价格涨跌幅限制的日换手率达到20%的前五只证券
20260521,603779.SH,国泰海通证券股份有限公司总部,,,33852639.55,1.66,-33852639.55,1,有价格涨跌幅限制的日换手率达到20%的前五只证券
20260521,603779.SH,中泰证券股份有限公司东营府前大街证券营业部,,,32026580.2,1.57,-32026580.2,1,有价格涨跌幅限制的日换手率达到20%的前五只证券
20260521,603779.SH,中泰证券股份有限公司东营北一路证券营业部,,,31509012.9,1.55,-31509012.9,1,有价格涨跌幅限制的日换手率达到20%的前五只证券
20260521,605288.SH,机构专用,69646736.21,7.16,,,69646736.21,0,非ST、*ST和S证券连续三个交易日内收盘价格涨幅偏离值累计达到20%的证券
20260521,605288.SH,东方财富证券股份有限公司拉萨金融城南环路证券营业部,40812924.4,4.2,,,40812924.4,0,非ST、*ST和S证券连续三个交易日内收盘价格涨幅偏离值累计达到20%的证券
20260521,605288.SH,沪股通专用,32299487.53,3.32,,,32299487.53,0,非ST、*ST和S证券连续三个交易日内收盘价格涨幅偏离值累计达到20%的证券
20260521,605288.SH,机构专用,25604778.0,2.63,,,25604778.0,0,非ST、*ST和S证券连续三个交易日内收盘价格涨幅偏离值累计达到20%的证券
20260521,605288.SH,机构专用,19248580.0,1.98,,,19248580.0,0,非ST、*ST和S证券连续三个交易日内收盘价格涨幅偏离值累计达到20%的证券
20260521,605288.SH,机构专用,,,79882189.4,8.21,-79882189.4,1,非ST、*ST和S证券连续三个交易日内收盘价格涨幅偏离值累计达到20%的证券
20260521,605288.SH,沪股通专用,,,52687997.2,5.42,-52687997.2,1,非ST、*ST和S证券连续三个交易日内收盘价格涨幅偏离值累计达到20%的证券
20260521,605288.SH,高盛(中国)证券有限责任公司上海浦东新区世纪大道证券营业部,,,19388245.89,1.99,-19388245.89,1,非ST、*ST和S证券连续三个交易日内收盘价格涨幅偏离值累计达到20%的证券
20260521,605288.SH,瑞银证券有限责任公司上海花园石桥路证券营业部,,,17614301.4,1.81,-17614301.4,1,非ST、*ST和S证券连续三个交易日内收盘价格涨幅偏离值累计达到20%的证券
20260521,605288.SH,机构专用,,,16472778.0,1.69,-16472778.0,1,非ST、*ST和S证券连续三个交易日内收盘价格涨幅偏离值累计达到20%的证券
20260521,688055.SH,沪股通专用,11147950.97,2.79,,,11147950.97,0,有价格涨跌幅限制的日收盘价格涨幅达到15%的前五只证券
20260521,688055.SH,华泰证券股份有限公司武汉新华路证券营业部,11052246.24,2.77,,,11052246.24,0,有价格涨跌幅限制的日收盘价格涨幅达到15%的前五只证券
20260521,688055.SH,华福证券股份有限公司上海银城路证券营业部,10636798.48,2.66,,,10636798.48,0,有价格涨跌幅限制的日收盘价格涨幅达到15%的前五只证券
20260521,688055.SH,中泰证券股份有限公司上海周家嘴路证券营业部,10618300.0,2.66,,,10618300.0,0,有价格涨跌幅限制的日收盘价格涨幅达到15%的前五只证券
20260521,688055.SH,联储证券股份有限公司浙江分公司,10227309.57,2.56,,,10227309.57,0,有价格涨跌幅限制的日收盘价格涨幅达到15%的前五只证券
20260521,688055.SH,沪股通专用,,,11062725.11,2.77,-11062725.11,1,有价格涨跌幅限制的日收盘价格涨幅达到15%的前五只证券
20260521,688055.SH,浙商证券股份有限公司诸暨东一路证券营业部,,,5979680.0,1.5,-5979680.0,1,有价格涨跌幅限制的日收盘价格涨幅达到15%的前五只证券
20260521,688055.SH,广发证券股份有限公司沧州解放路证券营业部,,,3515681.4,0.88,-3515681.4,1,有价格涨跌幅限制的日收盘价格涨幅达到15%的前五只证券
20260521,688055.SH,中信建投证券股份有限公司揭阳黄岐山大道证券营业部,,,3205924.48,0.8,-3205924.48,1,有价格涨跌幅限制的日收盘价格涨幅达到15%的前五只证券
20260521,688055.SH,兴业证券股份有限公司福州温泉路证券营业部,,,2800821.87,0.7,-2800821.87,1,有价格涨跌幅限制的日收盘价格涨幅达到15%的前五只证券
20260521,688110.SH,沪股通专用,358485379.13,5.13,,,358485379.13,0,有价格涨跌幅限制的日收盘价格跌幅达到15%的前五只证券
20260521,688110.SH,瑞银证券有限责任公司上海花园石桥路证券营业部,167022159.04,2.39,,,167022159.04,0,有价格涨跌幅限制的日收盘价格跌幅达到15%的前五只证券
20260521,688110.SH,中信证券股份有限公司上海分公司,166970797.05,2.39,,,166970797.05,0,有价格涨跌幅限制的日收盘价格跌幅达到15%的前五只证券
20260521,688110.SH,国泰海通证券股份有限公司总部,141558340.0,2.03,,,141558340.0,0,有价格涨跌幅限制的日收盘价格跌幅达到15%的前五只证券
20260521,688110.SH,高盛(中国)证券有限责任公司上海浦东新区世纪大道证券营业部,127158425.16,1.82,,,127158425.16,0,有价格涨跌幅限制的日收盘价格跌幅达到15%的前五只证券
20260521,688110.SH,沪股通专用,,,592235210.47,8.48,-592235210.47,1,有价格涨跌幅限制的日收盘价格跌幅达到15%的前五只证券
20260521,688110.SH,高盛(中国)证券有限责任公司上海浦东新区世纪大道证券营业部,,,151579788.89,2.17,-151579788.89,1,有价格涨跌幅限制的日收盘价格跌幅达到15%的前五只证券
20260521,688110.SH,瑞银证券有限责任公司上海花园石桥路证券营业部,,,134275066.95,1.92,-134275066.95,1,有价格涨跌幅限制的日收盘价格跌幅达到15%的前五只证券
20260521,688110.SH,国泰海通证券股份有限公司总部,,,114021505.07,1.63,-114021505.07,1,有价格涨跌幅限制的日收盘价格跌幅达到15%的前五只证券
20260521,688110.SH,中信证券股份有限公司上海分公司,,,94141892.63,1.35,-94141892.63,1,有价格涨跌幅限制的日收盘价格跌幅达到15%的前五只证券
20260521,688182.SH,沪股通专用,72775574.97,5.98,,,72775574.97,0,有价格涨跌幅限制的日收盘价格跌幅达到15%的前五只证券
20260521,688182.SH,国泰海通证券股份有限公司总部,40150684.8,3.3,,,40150684.8,0,有价格涨跌幅限制的日收盘价格跌幅达到15%的前五只证券
20260521,688182.SH,中国国际金融股份有限公司北京建国门外大街证券营业部,22586640.6,1.85,,,22586640.6,0,有价格涨跌幅限制的日收盘价格跌幅达到15%的前五只证券
20260521,688182.SH,中信证券股份有限公司上海分公司,16004183.9,1.31,,,16004183.9,0,有价格涨跌幅限制的日收盘价格跌幅达到15%的前五只证券
20260521,688182.SH,高盛(中国)证券有限责任公司上海浦东新区世纪大道证券营业部,15410835.87,1.27,,,15410835.87,0,有价格涨跌幅限制的日收盘价格跌幅达到15%的前五只证券
20260521,688182.SH,沪股通专用,,,88668548.8,7.28,-88668548.8,1,有价格涨跌幅限制的日收盘价格跌幅达到15%的前五只证券
20260521,688182.SH,国泰海通证券股份有限公司总部,,,41786075.74,3.43,-41786075.74,1,有价格涨跌幅限制的日收盘价格跌幅达到15%的前五只证券
20260521,688182.SH,国金证券股份有限公司海南分公司,,,28631058.57,2.35,-28631058.57,1,有价格涨跌幅限制的日收盘价格跌幅达到15%的前五只证券
20260521,688182.SH,国联民生证券股份有限公司上海分公司,,,24705306.51,2.03,-24705306.51,1,有价格涨跌幅限制的日收盘价格跌幅达到15%的前五只证券
20260521,688182.SH,中信证券股份有限公司上海分公司,,,20244965.25,1.66,-20244965.25,1,有价格涨跌幅限制的日收盘价格跌幅达到15%的前五只证券
20260521,688287.SH,中山证券有限责任公司深圳粤海分公司,335810.4,4.35,,,335810.4,0,退市整理的证券
20260521,688287.SH,华泰证券股份有限公司深圳益田路荣超商务中心证券营业部,311641.0,4.04,,,311641.0,0,退市整理的证券
20260521,688287.SH,中信证券(山东)有限责任公司即墨蓝鳌路证券营业部,282375.61,3.66,,,282375.61,0,退市整理的证券
20260521,688287.SH,东方财富证券股份有限公司拉萨团结路第一证券营业部,241550.45,3.13,,,241550.45,0,退市整理的证券
20260521,688287.SH,东方财富证券股份有限公司拉萨东环路第二证券营业部,228254.18,2.96,,,228254.18,0,退市整理的证券
20260521,688287.SH,湘财证券股份有限公司上海陆家嘴证券营业部,,,535000.0,6.94,-535000.0,1,退市整理的证券
20260521,688287.SH,中信证券股份有限公司上海黄浦区淮海中路证券营业部,,,443895.6,5.75,-443895.6,1,退市整理的证券
20260521,688287.SH,中泰证券股份有限公司聊城柳园南路证券营业部,,,394473.3,5.11,-394473.3,1,退市整理的证券
20260521,688287.SH,中国银河证券股份有限公司广州东风中路证券营业部,,,335868.8,4.35,-335868.8,1,退市整理的证券
20260521,688287.SH,国金证券股份有限公司深圳湾一号证券营业部,,,249049.11,3.23,-249049.11,1,退市整理的证券
20260521,688584.SH,沪股通专用,100012323.88,6.48,,,100012323.88,0,有价格涨跌幅限制的日收盘价格跌幅达到15%的前五只证券
20260521,688584.SH,国泰海通证券股份有限公司总部,28374257.92,1.84,,,28374257.92,0,有价格涨跌幅限制的日收盘价格跌幅达到15%的前五只证券
20260521,688584.SH,高盛(中国)证券有限责任公司上海浦东新区世纪大道证券营业部,18296378.55,1.19,,,18296378.55,0,有价格涨跌幅限制的日收盘价格跌幅达到15%的前五只证券
20260521,688584.SH,瑞银证券有限责任公司上海花园石桥路证券营业部,17830653.97,1.16,,,17830653.97,0,有价格涨跌幅限制的日收盘价格跌幅达到15%的前五只证券
20260521,688584.SH,中信证券股份有限公司上海分公司,16741206.72,1.08,,,16741206.72,0,有价格涨跌幅限制的日收盘价格跌幅达到15%的前五只证券
20260521,688584.SH,沪股通专用,,,80359730.34,5.21,-80359730.34,1,有价格涨跌幅限制的日收盘价格跌幅达到15%的前五只证券
20260521,688584.SH,中国银河证券股份有限公司诸暨东旺路证券营业部,,,40015701.42,2.59,-40015701.42,1,有价格涨跌幅限制的日收盘价格跌幅达到15%的前五只证券
20260521,688584.SH,中信证券股份有限公司上海分公司,,,35644420.94,2.31,-35644420.94,1,有价格涨跌幅限制的日收盘价格跌幅达到15%的前五只证券
20260521,688584.SH,国泰海通证券股份有限公司总部,,,27881299.12,1.81,-27881299.12,1,有价格涨跌幅限制的日收盘价格跌幅达到15%的前五只证券
20260521,688584.SH,东方证券股份有限公司扬州文汇东路证券营业部,,,22099802.29,1.43,-22099802.29,1,有价格涨跌幅限制的日收盘价格跌幅达到15%的前五只证券
20260521,920001.BJ,国金证券股份有限公司眉山大雅街证券营业部,11997257.62,2.78,0.0,0.0,11997257.62,0,当日收盘价涨幅达到20%的前5只股票
20260521,920001.BJ,光大证券股份有限公司海口国贸大道营业部,9269686.71,2.15,0.0,0.0,9269686.71,0,当日收盘价涨幅达到20%的前5只股票
20260521,920001.BJ,东莞证券股份有限公司常熟东南大道证券营业部,9262943.37,2.14,0.0,0.0,9262943.37,0,当日收盘价涨幅达到20%的前5只股票
20260521,920001.BJ,华福证券有限责任公司深圳分公司,8925477.13,2.07,0.0,0.0,8925477.13,0,当日收盘价涨幅达到20%的前5只股票
20260521,920001.BJ,国泰海通证券股份有限公司云南曲靖翠峰东路营业部,8027426.72,1.86,0.0,0.0,8027426.72,0,当日收盘价涨幅达到20%的前5只股票
20260521,920001.BJ,华西证券股份有限公司自贡富顺钟秀街证券营业部,832473.6,0.19,9437209.82,2.18,-8604736.22,1,当日收盘价涨幅达到20%的前5只股票
20260521,920001.BJ,国投证券股份有限公司肇庆四会大道南证券营业部,0.0,0.0,6682551.0,1.55,-6682551.0,1,当日收盘价涨幅达到20%的前5只股票
20260521,920001.BJ,华福证券有限责任公司福州达道路证券营业部,0.0,0.0,5806696.84,1.34,-5806696.84,1,当日收盘价涨幅达到20%的前5只股票
20260521,920001.BJ,国金证券股份有限公司深圳分公司,6236898.72,1.44,4749955.91,1.1,1486942.81,1,当日收盘价涨幅达到20%的前5只股票
20260521,920001.BJ,国信证券股份有限公司深圳互联网分公司,685098.07,0.16,4514363.86,1.04,-3829265.79,1,当日收盘价涨幅达到20%的前5只股票
20260521,920011.BJ,机构专用,6170190.2,2.89,3776877.47,1.77,2393312.73,0,当日换手率达到20%的前5只股票
20260521,920011.BJ,国金证券股份有限公司合肥科学大道证券营业部,5303652.18,2.49,0.0,0.0,5303652.18,0,当日换手率达到20%的前5只股票
20260521,920011.BJ,东方财富证券股份有限公司拉萨团结路第一证券营业部,4428531.5,2.08,841091.3,0.39,3587440.2,0,当日换手率达到20%的前5只股票
20260521,920011.BJ,中国银河证券股份有限公司成都科华北路证券营业部,3902654.77,1.83,0.0,0.0,3902654.77,0,当日换手率达到20%的前5只股票
20260521,920011.BJ,东方财富证券股份有限公司拉萨金融城南环路证券营业部,3779197.93,1.77,1830426.03,0.86,1948771.9,0,当日换手率达到20%的前5只股票
20260521,920011.BJ,国信证券股份有限公司深圳互联网分公司,866977.72,0.41,12199755.63,5.72,-11332777.91,1,当日换手率达到20%的前5只股票
20260521,920011.BJ,华泰证券股份有限公司绍兴府山证券营业部,0.0,0.0,8483448.41,3.98,-8483448.41,1,当日换手率达到20%的前5只股票
20260521,920011.BJ,申万宏源证券有限公司扬州分公司,1863744.68,0.87,6974466.97,3.27,-5110722.29,1,当日换手率达到20%的前5只股票
20260521,920011.BJ,国信证券股份有限公司深圳红岭中路证券营业部,72898.63,0.03,6600987.48,3.1,-6528088.85,1,当日换手率达到20%的前5只股票
20260521,920011.BJ,国金证券股份有限公司深圳分公司,68690.12,0.03,5781305.08,2.71,-5712614.96,1,当日换手率达到20%的前5只股票
20260521,920096.BJ,首创证券股份有限公司北京五道口证券营业部,25591003.15,3.46,0.0,0.0,25591003.15,0,当日换手率达到20%的前5只股票
20260521,920096.BJ,国金证券股份有限公司深圳分公司,15986802.34,2.16,3190705.86,0.43,12796096.48,0,当日换手率达到20%的前5只股票
20260521,920096.BJ,机构专用,13747017.31,1.86,20253948.17,2.74,-6506930.86,0,当日换手率达到20%的前5只股票
20260521,920096.BJ,国信证券股份有限公司深圳红岭中路证券营业部,9611039.6,1.3,3802276.77,0.51,5808762.83,0,当日换手率达到20%的前5只股票
20260521,920096.BJ,东方财富证券股份有限公司拉萨东环路第二证券营业部,8772651.28,1.19,17971434.36,2.43,-9198783.08,0,当日换手率达到20%的前5只股票
20260521,920096.BJ,机构专用,13747017.31,1.86,20253948.17,2.74,-6506930.86,1,当日换手率达到20%的前5只股票
20260521,920096.BJ,中国银河证券股份有限公司宜昌新世纪证券营业部,0.0,0.0,18912840.87,2.56,-18912840.87,1,当日换手率达到20%的前5只股票
20260521,920096.BJ,东方财富证券股份有限公司拉萨东环路第二证券营业部,8772651.28,1.19,17971434.36,2.43,-9198783.08,1,当日换手率达到20%的前5只股票
20260521,920096.BJ,东方财富证券股份有限公司拉萨金融城南环路证券营业部,5223218.06,0.71,7667390.25,1.04,-2444172.19,1,当日换手率达到20%的前5只股票
20260521,920096.BJ,东方财富证券股份有限公司拉萨团结路第二证券营业部,5660231.29,0.76,6897542.1,0.93,-1237310.81,1,当日换手率达到20%的前5只股票
20260521,920100.BJ,国信证券股份有限公司深圳互联网分公司,18071729.28,3.83,7931235.38,1.68,10140493.9,0,当日换手率达到20%的前5只股票
20260521,920100.BJ,国信证券股份有限公司深圳红岭中路证券营业部,11920721.06,2.53,4941329.14,1.05,6979391.92,0,当日换手率达到20%的前5只股票
20260521,920100.BJ,机构专用,11637867.55,2.47,2575238.56,0.55,9062628.99,0,当日换手率达到20%的前5只股票
20260521,920100.BJ,中信建投证券股份有限公司广州珠江新城证券营业部,9128039.39,1.94,2558766.45,0.54,6569272.94,0,当日换手率达到20%的前5只股票
20260521,920100.BJ,中信建投证券股份有限公司北京东城分公司,8243640.84,1.75,3531320.24,0.75,4712320.6,0,当日换手率达到20%的前5只股票
20260521,920100.BJ,东海证券股份有限公司常州玉龙南路证券营业部,585000.0,0.12,14456396.13,3.07,-13871396.13,1,当日换手率达到20%的前5只股票
20260521,920100.BJ,国信证券股份有限公司深圳互联网分公司,18071729.28,3.83,7931235.38,1.68,10140493.9,1,当日换手率达到20%的前5只股票
20260521,920100.BJ,招商证券股份有限公司深圳建安路证券营业部,402978.66,0.09,4976092.73,1.06,-4573114.07,1,当日换手率达到20%的前5只股票
20260521,920100.BJ,国信证券股份有限公司深圳红岭中路证券营业部,11920721.06,2.53,4941329.14,1.05,6979391.92,1,当日换手率达到20%的前5只股票
20260521,920100.BJ,东方财富证券股份有限公司拉萨东环路第二证券营业部,2788294.31,0.59,4617060.7,0.98,-1828766.39,1,当日换手率达到20%的前5只股票
20260521,920156.BJ,国信证券股份有限公司深圳互联网分公司,12070315.43,2.87,3875422.73,0.92,8194892.7,0,当日换手率达到20%的前5只股票
20260521,920156.BJ,东兴证券股份有限公司永安牺和路证券营业部,12000384.89,2.85,104203.0,0.02,11896181.89,0,当日换手率达到20%的前5只股票
20260521,920156.BJ,中信建投证券股份有限公司长沙星沙证券营业部,11427723.66,2.71,128778.26,0.03,11298945.4,0,当日换手率达到20%的前5只股票
20260521,920156.BJ,东吴证券股份有限公司太仓上海东路证券营业部,6490346.87,1.54,0.0,0.0,6490346.87,0,当日换手率达到20%的前5只股票
20260521,920156.BJ,财通证券股份有限公司徐州中山北路证券营业部,6419719.19,1.53,18553.0,0.0,6401166.19,0,当日换手率达到20%的前5只股票
20260521,920156.BJ,金融街证券股份有限公司赤峰哈达街证券营业部,13310.0,0.0,32432351.69,7.71,-32419041.69,1,当日换手率达到20%的前5只股票
20260521,920156.BJ,国信证券股份有限公司深圳红岭中路证券营业部,4711005.24,1.12,6212787.88,1.48,-1501782.64,1,当日换手率达到20%的前5只股票
20260521,920156.BJ,华泰证券股份有限公司宜都清江大道证券营业部,0.0,0.0,6179389.82,1.47,-6179389.82,1,当日换手率达到20%的前5只股票
20260521,920156.BJ,国金证券股份有限公司深圳分公司,1499357.37,0.36,6027097.07,1.43,-4527739.7,1,当日换手率达到20%的前5只股票
20260521,920156.BJ,东方财富证券股份有限公司山南香曲东路证券营业部,5300586.91,1.26,5632227.34,1.34,-331640.43,1,当日换手率达到20%的前5只股票
20260521,920178.BJ,华福证券有限责任公司上海浦明路证券营业部,53105960.49,2.53,0.0,0.0,53105960.49,0,当日换手率达到20%的前5只股票
20260521,920178.BJ,华福证券有限责任公司上海浦明路证券营业部,53105960.49,2.53,0.0,0.0,53105960.49,0,当日价格振幅达到30%的前5只股票
20260521,920178.BJ,机构专用,44392219.3,2.11,0.0,0.0,44392219.3,0,当日换手率达到20%的前5只股票
20260521,920178.BJ,机构专用,44392219.3,2.11,0.0,0.0,44392219.3,0,当日价格振幅达到30%的前5只股票
20260521,920178.BJ,国金证券股份有限公司深圳分公司,42560301.9,2.02,47274993.64,2.25,-4714691.74,0,当日换手率达到20%的前5只股票
20260521,920178.BJ,国金证券股份有限公司深圳分公司,42560301.9,2.02,47274993.64,2.25,-4714691.74,0,当日价格振幅达到30%的前5只股票
20260521,920178.BJ,中国银河证券股份有限公司诸暨东一路证券营业部,29644676.03,1.41,47033372.33,2.24,-17388696.3,0,当日换手率达到20%的前5只股票
20260521,920178.BJ,中国银河证券股份有限公司诸暨东一路证券营业部,29644676.03,1.41,47033372.33,2.24,-17388696.3,0,当日价格振幅达到30%的前5只股票
20260521,920178.BJ,机构专用,24777095.74,1.18,49108227.37,2.34,-24331131.63,0,当日换手率达到20%的前5只股票
20260521,920178.BJ,机构专用,24777095.74,1.18,49108227.37,2.34,-24331131.63,0,当日价格振幅达到30%的前5只股票
20260521,920178.BJ,华泰证券股份有限公司北京东三环北路证券营业部,325994.0,0.02,124701718.15,5.93,-124375724.15,1,当日换手率达到20%的前5只股票
20260521,920178.BJ,华泰证券股份有限公司北京东三环北路证券营业部,325994.0,0.02,124701718.15,5.93,-124375724.15,1,当日价格振幅达到30%的前5只股票
20260521,920178.BJ,中国国际金融股份有限公司深圳分公司,0.0,0.0,73360468.04,3.49,-73360468.04,1,当日换手率达到20%的前5只股票
20260521,920178.BJ,中国国际金融股份有限公司深圳分公司,0.0,0.0,73360468.04,3.49,-73360468.04,1,当日价格振幅达到30%的前5只股票
20260521,920178.BJ,中国银河证券股份有限公司江苏分公司,13447412.35,0.64,51037325.63,2.43,-37589913.28,1,当日换手率达到20%的前5只股票
20260521,920178.BJ,中国银河证券股份有限公司江苏分公司,13447412.35,0.64,51037325.63,2.43,-37589913.28,1,当日价格振幅达到30%的前5只股票
20260521,920178.BJ,机构专用,24777095.74,1.18,49108227.37,2.34,-24331131.63,1,当日换手率达到20%的前5只股票
20260521,920178.BJ,机构专用,24777095.74,1.18,49108227.37,2.34,-24331131.63,1,当日价格振幅达到30%的前5只股票
20260521,920178.BJ,国金证券股份有限公司深圳分公司,42560301.9,2.02,47274993.64,2.25,-4714691.74,1,当日换手率达到20%的前5只股票
20260521,920178.BJ,国金证券股份有限公司深圳分公司,42560301.9,2.02,47274993.64,2.25,-4714691.74,1,当日价格振幅达到30%的前5只股票
